,corn,wheat
0,1,1
1,2,3
2,2,3
3,1,1
4,1,1
5,1,1
6,1,1
7,1,2
8,1,1
9,2,2
10,2,2
11,1,1
12,1,3
13,1,2
14,1,2
15,1,2
16,2,3
17,2,2
18,1,1
19,1,1
20,2,3
21,2,3
22,2,2
23,2,2
24,1,2
25,1,1
26,1,1
27,1,1
28,1,3
29,2,2
30,1,1
31,1,3
32,3,3
33,1,1
34,2,2
35,1,2
36,1,1
37,3,3
38,1,2
39,2,2
40,1,1
41,1,2
42,3,3
43,1,1
44,1,2
45,2,2
46,1,1
47,2,3
48,1,1
49,1,1
50,2,3
51,1,1
52,1,1
53,1,2
54,2,2
55,1,1
56,2,3
57,2,2
58,2,3
59,2,3
60,1,1
61,2,3
62,2,2
63,2,2
64,1,1
65,1,1
66,1,1
67,1,1
68,2,2
69,1,1
70,3,3
71,2,3
72,2,3
73,1,1
74,2,3
75,1,1
76,2,2
77,1,2
78,1,2
79,1,1
80,2,2
81,2,3
82,1,2
83,1,2
84,1,1
85,2,2
86,2,2
87,1,1
88,1,2
89,1,2
90,1,1
91,2,2
92,3,4
93,1,1
94,2,2
95,1,1
96,2,3
97,2,3
98,0,0
99,0,0
100,2,4
101,1,1
102,1,3
103,1,1
104,1,2
105,2,2
106,3,3
107,2,2
108,1,1
109,2,3
110,2,3
111,2,3
112,1,2
113,0,0
114,1,2
115,1,1
116,1,1
117,2,2
118,1,2
119,1,2
120,1,1
121,1,2
122,2,2
123,2,3
124,0,1
125,2,3
126,1,2
127,2,4
128,1,1
129,1,2
130,2,2
131,1,1
132,1,2
133,2,2
134,1,2
135,1,2
136,2,2
137,1,1
138,1,1
139,1,1
140,2,3
141,1,1
142,1,2
143,1,1
144,2,3
145,1,1
146,2,2
147,1,1
148,2,2
149,0,0
150,0,2
151,2,2
152,1,3
153,3,3
154,1,1
155,1,1
156,1,1
157,3,4
158,0,1
159,1,1
160,2,3
161,2,3
162,2,2
163,2,3
164,2,2
165,1,1
166,2,2
167,2,2
168,2,2
169,1,2
170,1,3
171,1,2
172,2,2
173,1,2
174,1,1
175,1,2
176,1,2
177,2,2
178,2,3
179,2,2
180,2,3
181,2,2
182,2,2
183,1,2
184,1,1
185,1,1
186,2,3
187,1,2
188,1,2
189,1,2
190,1,1
191,1,2
192,1,2
193,1,1
194,1,2
195,1,2
196,2,2
197,1,1
198,1,1
199,1,1
200,1,1
201,1,1
202,2,2
203,2,2
204,2,2
205,1,2
206,1,1
207,1,2
208,2,2
209,2,2
210,1,1
211,2,2
212,1,1
213,2,2
214,2,3
215,1,1
216,1,2
217,1,1
218,1,1
219,2,2
220,1,1
221,1,2
222,1,1
223,1,2
224,1,1
225,2,3
226,2,2
227,3,3
228,1,2
229,1,2
230,1,1
231,1,1
232,1,1
233,2,4
234,2,2
235,2,2
236,1,1
237,1,1
238,2,2
239,1,1
240,2,2
241,1,2
242,1,1
243,1,1
244,1,1
245,3,3
246,2,3
247,1,2
248,2,3
249,1,3
250,1,1
251,2,3
252,2,4
253,1,2
254,2,3
255,0,0
256,1,2
257,1,2
258,0,1
259,0,0
260,1,2
261,1,1
262,1,3
263,2,2
264,2,2
265,1,2
266,1,2
267,1,1
268,2,3
269,2,2
270,1,1
271,2,2
272,2,3
273,1,3
274,1,1
275,1,1
276,0,0
277,2,3
278,1,1
279,1,2
280,0,0
281,1,1
282,2,2
283,1,1
284,2,2
285,1,1
286,1,1
287,1,2
288,1,2
289,1,1
290,1,2
291,2,3
292,2,3
293,1,2
294,1,1
295,1,1
296,1,2
297,1,1
298,1,1
299,2,2
300,1,1
301,2,2
302,1,1
303,1,2
304,1,2
305,2,2
306,1,1
307,1,1
308,1,1
309,1,1
310,1,3
311,1,1
312,1,1
313,3,3
314,2,2
315,1,1
316,1,1
317,1,2
318,1,1
319,1,2
320,1,1
321,1,1
322,1,2
323,1,1
324,2,2
325,2,2
326,1,1
327,2,2
328,1,1
329,2,3
330,1,1
331,1,2
332,1,1
333,2,2
334,2,2
335,2,2
336,1,1
337,2,2
338,2,2
339,2,2
340,1,1
341,1,1
342,2,3
343,2,3
344,1,1
345,1,1
346,2,3
347,1,1
348,1,2
349,1,2
350,1,1
351,2,2
352,1,2
353,1,1
354,1,1
355,1,1
356,1,2
357,2,2
358,2,2
359,1,1
360,1,1
361,3,3
362,1,1
363,1,1
364,1,2
365,1,2
366,1,1
367,1,2
368,1,1
369,1,2
370,2,2
371,1,3
372,1,2
373,1,1
374,1,1
375,2,2
376,2,3
377,1,1
378,1,2
379,1,3
380,1,2
381,1,1
382,2,3
383,1,1
384,1,1
385,1,1
386,1,1
387,0,0
388,1,3
389,1,1
390,2,2
391,1,1
392,2,2
393,2,2
394,2,2
395,1,1
396,1,2
397,1,2
398,2,2
399,2,2
400,1,2
401,1,1
402,0,0
403,2,3
404,1,2
405,2,2
406,1,1
407,2,2
408,2,2
409,0,0
410,1,1
411,1,1
412,1,1
413,0,1
414,2,3
415,1,1
416,2,2
417,1,2
418,1,2
419,1,2
420,1,1
421,1,2
422,2,2
423,1,1
424,1,2
425,2,3
426,2,2
427,1,1
428,1,1
429,1,1
430,1,2
431,1,1
432,3,4
433,2,3
434,1,2
435,1,1
436,1,2
437,1,1
438,1,1
439,1,2
440,1,1
441,1,2
442,2,3
443,1,1
444,2,3
445,1,3
446,1,2
447,1,1
448,1,2
449,1,1
450,3,3
451,2,3
452,1,1
453,3,3
454,1,2
455,2,4
456,2,3
457,2,2
458,1,2
459,1,2
460,0,2
461,1,1
462,1,1
463,2,2
464,1,2
465,2,2
466,2,2
467,2,3
468,2,2
469,2,3
470,1,3
471,1,1
472,1,3
473,1,1
474,2,3
475,1,1
476,0,0
477,1,2
478,1,1
479,2,2
480,1,2
481,1,3
482,0,1
483,2,2
484,2,4
485,1,2
486,1,2
487,1,1
488,1,1
489,1,1
490,2,2
491,2,2
492,2,3
493,2,4
494,1,2
495,3,3
496,1,3
497,2,2
498,1,2
499,1,2
500,1,2
501,2,3
502,1,1
503,0,0
504,1,1
505,0,0
506,1,2
507,1,1
508,0,0
509,1,2
510,2,3
511,2,3
512,2,3
513,1,1
514,1,1
515,1,1
516,1,1
517,1,2
518,1,3
519,1,3
520,1,1
521,1,1
522,1,1
523,1,1
524,1,1
525,1,1
526,0,0
527,1,2
528,1,3
529,1,2
530,1,2
531,2,2
532,1,3
533,1,2
534,1,1
535,1,2
536,2,2
537,1,2
538,1,1
539,3,3
540,0,0
541,1,1
542,1,2
543,2,2
544,1,1
545,1,3
546,1,1
547,1,1
548,1,1
549,1,1
550,1,1
551,1,2
552,1,2
553,1,2
554,2,2
555,2,2
556,1,2
557,1,2
558,2,2
559,1,1
560,1,1
561,2,2
562,2,2
563,1,2
564,1,1
565,1,1
566,2,4
567,1,2
568,1,1
569,2,3
570,1,2
571,1,1
572,1,2
573,1,1
574,2,2
575,1,1
576,1,2
577,1,1
578,2,2
579,1,1
580,2,2
581,0,0
582,2,3
583,1,2
584,0,0
585,1,1
586,3,3
587,2,2
588,2,2
589,2,3
590,2,2
591,1,2
592,1,2
593,1,1
594,2,2
595,1,2
596,1,2
597,1,1
598,1,1
599,1,1
600,1,1
601,1,2
602,2,2
603,1,1
604,2,2
605,2,2
606,2,2
607,2,2
608,1,1
609,1,1
610,1,2
611,2,2
612,1,1
613,1,1
614,1,1
615,2,3
616,1,3
617,2,2
618,1,1
619,2,2
620,1,2
621,2,2
622,1,1
623,1,1
624,1,1
625,2,3
626,3,3
627,1,1
628,1,1
629,1,2
630,2,2
631,1,1
632,1,1
633,2,2
634,1,1
635,1,1
636,1,1
637,2,2
638,1,1
639,1,1
640,1,2
641,2,3
642,1,1
643,2,2
644,1,2
645,1,2
646,1,1
647,2,3
648,2,2
649,2,2
650,1,3
651,1,3
652,2,3
653,1,1
654,1,1
655,2,3
656,1,2
657,1,2
658,1,3
659,2,2
660,2,3
661,1,1
662,1,1
663,1,1
664,2,3
665,1,1
666,3,4
667,1,2
668,0,0
669,1,1
670,2,2
671,2,2
672,1,2
673,1,1
674,1,1
675,1,1
676,1,1
677,1,2
678,1,2
679,2,2
680,1,2
681,2,3
682,1,2
683,3,3
684,0,1
685,2,2
686,1,2
687,1,1
688,1,2
689,2,2
690,1,1
691,1,2
692,1,1
693,1,2
694,1,2
695,2,3
696,1,2
697,2,2
698,3,3
699,2,2
700,1,1
701,2,4
702,1,2
703,1,2
704,1,1
705,2,4
706,1,2
707,1,2
708,2,2
709,2,2
710,1,3
711,1,3
712,2,2
713,1,1
714,1,1
715,2,3
716,0,0
717,2,2
718,1,2
719,1,1
720,1,2
721,2,3
722,1,1
723,2,3
724,2,3
725,1,1
726,3,3
727,2,3
728,1,1
729,1,1
730,1,1
731,1,1
732,2,2
733,1,2
734,2,2
735,1,2
736,2,2
737,1,2
738,1,2
739,2,2
740,1,1
741,0,0
742,2,2
743,1,1
744,1,1
745,1,2
746,1,2
747,1,2
748,2,3
749,0,0
750,1,1
751,2,2
752,1,2
753,2,3
754,1,1
755,2,2
756,1,1
757,1,2
758,1,2
759,1,1
760,1,2
761,1,1
762,1,2
763,2,2
764,2,2
765,1,1
766,2,2
767,1,1
768,2,2
769,2,2
770,1,2
771,2,2
772,3,4
773,1,1
774,1,1
775,1,3
776,1,2
777,1,2
778,1,2
779,2,2
780,1,2
781,1,2
782,1,1
783,1,2
784,2,2
785,1,1
786,1,1
787,2,3
788,1,1
789,2,2
790,1,1
791,1,2
792,0,0
793,1,1
794,1,1
795,2,2
796,1,2
797,2,3
798,2,3
799,1,1
800,2,2
801,2,3
802,1,1
803,2,2
804,1,1
805,0,1
806,1,1
807,1,1
808,1,2
809,1,2
810,1,1
811,1,1
812,1,2
813,1,2
814,2,2
815,1,2
816,1,2
817,1,1
818,1,3
819,2,2
820,1,1
821,2,2
822,1,1
823,1,1
824,3,3
825,2,2
826,1,2
827,2,3
828,1,2
829,2,3
830,2,3
831,1,1
832,2,3
833,1,2
834,2,2
835,3,4
836,2,2
837,1,1
838,1,2
839,1,2
840,1,1
841,1,1
842,2,2
843,1,1
844,2,2
845,1,1
846,2,2
847,2,3
848,2,2
849,0,1
850,1,1
851,1,3
852,1,1
853,2,3
854,1,1
855,1,1
856,1,2
857,2,2
858,2,2
859,2,3
860,2,3
861,1,2
862,1,2
863,2,2
864,1,2
865,1,1
866,2,3
867,1,1
868,2,2
869,1,1
870,1,2
871,2,2
872,2,2
873,1,1
874,1,1
875,1,1
876,2,2
877,2,2
878,1,2
879,3,3
880,2,2
881,1,2
882,1,1
883,2,3
884,2,2
885,1,1
886,1,1
887,1,1
888,2,2
889,1,1
890,2,2
891,1,1
892,1,1
893,1,1
894,0,1
895,1,1
896,1,2
897,1,2
898,2,3
899,2,2
900,2,3
901,1,2
902,1,1
903,1,1
904,1,2
905,1,1
906,0,0
907,2,2
908,1,1
909,1,1
910,1,1
911,2,2
912,1,2
913,1,1
914,1,1
915,1,1
916,1,1
917,2,2
918,1,3
919,2,2
920,1,1
921,1,2
922,0,0
923,1,1
924,2,3
925,1,2
926,2,3
927,1,1
928,1,2
929,1,1
930,1,2
931,2,2
932,2,2
933,1,1
934,2,3
935,3,4
936,2,2
937,2,2
938,1,1
939,1,1
940,2,2
941,1,2
942,1,1
943,2,3
944,2,2
945,2,2
946,0,0
947,1,1
948,1,1
949,1,1
950,2,3
951,1,1
952,2,3
953,0,0
954,2,2
955,2,2
956,1,2
957,1,1
958,1,2
959,1,2
960,2,2
961,2,3
962,2,2
963,1,2
964,1,1
965,1,2
966,1,2
967,1,1
968,2,2
969,1,1
970,1,2
971,2,3
972,1,1
973,2,3
974,1,1
975,2,2
976,1,3
977,2,2
978,2,2
979,2,2
980,2,3
981,1,2
982,0,1
983,1,1
984,1,1
985,1,3
986,1,1
987,1,2
988,1,1
989,1,1
990,1,2
991,1,1
992,2,2
993,1,1
994,1,1
995,0,0
996,3,4
997,2,3
998,3,3
999,1,2
1000,0,1
1001,2,2
1002,2,2
1003,2,3
1004,3,3
1005,2,2
1006,1,1
1007,2,2
1008,1,2
1009,0,1
1010,1,2
1011,1,1
1012,2,3
1013,3,3
1014,1,2
1015,1,1
1016,2,2
1017,3,3
1018,1,1
1019,1,1
1020,0,1
1021,1,2
1022,2,2
1023,2,3
1024,2,2
1025,2,3
1026,1,2
1027,1,1
1028,1,1
1029,1,1
1030,2,3
1031,3,4
1032,2,2
1033,2,2
1034,1,1
1035,3,4
1036,2,3
1037,3,3
1038,3,3
1039,1,2
1040,2,2
1041,2,2
1042,1,1
1043,0,1
1044,1,2
1045,0,1
1046,1,2
1047,3,4
1048,2,3
1049,2,2
1050,2,3
1051,2,2
1052,2,2
1053,2,3
1054,2,3
1055,0,1
1056,1,2
1057,2,2
1058,1,2
1059,1,2
1060,3,3
1061,3,3
1062,1,2
1063,3,3
1064,2,3
1065,1,2
1066,0,1
1067,2,2
1068,2,2
1069,3,4
1070,1,1
1071,1,2
1072,2,3
1073,2,2
1074,1,2
1075,1,2
1076,2,2
1077,2,2
1078,1,2
1079,2,3
1080,1,1
1081,1,2
1082,1,1
1083,3,3
1084,1,1
1085,1,2
1086,1,2
1087,3,3
1088,2,2
1089,1,1
1090,2,2
1091,3,3
1092,2,3
1093,1,2
1094,1,1
1095,1,2
1096,2,3
1097,1,2
1098,1,2
1099,0,1
1100,3,3
1101,2,2
1102,1,2
1103,2,2
1104,0,1
1105,3,3
1106,1,2
1107,2,2
1108,2,2
1109,1,1
1110,2,3
1111,1,1
1112,2,3
1113,3,3
1114,1,1
1115,2,2
1116,2,2
1117,2,2
1118,3,3
1119,1,1
1120,2,2
1121,2,2
1122,0,1
1123,2,2
1124,1,2
1125,2,2
1126,0,1
1127,3,3
1128,1,1
1129,1,1
1130,1,1
1131,2,3
1132,2,2
1133,0,1
1134,0,1
1135,2,2
1136,3,3
1137,1,1
1138,1,2
1139,2,2
1140,1,1
1141,1,1
1142,2,2
1143,2,2
1144,1,1
1145,3,3
1146,0,1
1147,3,3
1148,2,2
1149,1,1
1150,0,0
1151,1,1
1152,2,2
1153,0,0
1154,2,2
1155,2,3
1156,2,2
1157,3,4
1158,2,3
1159,0,1
1160,3,3
1161,1,1
1162,2,2
1163,2,2
1164,0,1
1165,1,1
1166,1,1
1167,2,3
1168,2,2
1169,3,3
1170,2,2
1171,1,1
1172,3,3
1173,1,2
1174,1,2
1175,1,2
1176,2,2
1177,3,3
1178,3,3
1179,2,2
1180,1,2
1181,3,4
1182,1,1
1183,3,3
1184,2,2
1185,3,3
1186,2,2
1187,2,2
1188,0,0
1189,1,2
1190,3,3
1191,1,1
1192,1,1
1193,2,2
1194,0,0
1195,1,1
1196,1,1
1197,0,1
1198,1,1
1199,1,1
1200,2,2
1201,2,2
1202,1,1
1203,1,1
1204,1,1
1205,3,3
1206,1,1
1207,1,2
1208,1,2
1209,1,2
1210,2,2
1211,2,3
1212,1,2
1213,1,1
1214,2,2
1215,1,2
1216,1,2
1217,2,2
1218,1,1
1219,1,2
1220,0,0
1221,2,3
1222,1,1
1223,3,3
1224,1,1
1225,2,2
1226,2,2
1227,1,2
1228,2,2
1229,1,1
1230,3,3
1231,3,3
1232,1,1
1233,0,1
1234,1,2
1235,1,1
1236,3,3
1237,2,2
1238,2,2
1239,0,1
1240,0,1
1241,3,3
1242,2,3
1243,3,3
1244,1,1
1245,3,3
1246,1,1
1247,1,1
1248,1,1
1249,0,0
1250,2,2
1251,3,3
1252,1,2
1253,2,3
1254,0,1
1255,1,2
1256,2,2
1257,2,3
1258,2,2
1259,1,2
1260,1,2
1261,3,3
1262,1,2
1263,0,1
1264,3,4
1265,1,1
1266,3,3
1267,2,3
1268,2,2
1269,0,1
1270,2,2
1271,1,2
1272,1,2
1273,1,2
1274,1,1
1275,0,1
1276,2,2
1277,3,3
1278,1,2
1279,0,1
1280,0,1
1281,2,3
1282,1,2
1283,1,2
1284,1,2
1285,1,1
1286,1,2
1287,1,1
1288,1,2
1289,1,2
1290,3,3
1291,1,1
1292,3,3
1293,1,2
1294,1,2
1295,2,3
1296,2,3
1297,1,2
1298,1,2
1299,0,1
1300,1,1
1301,1,2
1302,1,2
1303,2,2
1304,2,2
1305,2,2
1306,1,2
1307,1,2
1308,2,2
1309,3,3
1310,1,1
1311,1,1
1312,2,2
1313,1,2
1314,2,2
1315,1,1
1316,1,2
1317,2,3
1318,2,3
1319,3,3
1320,1,2
1321,2,3
1322,1,1
1323,1,2
1324,3,3
1325,0,1
1326,0,1
1327,0,1
1328,3,3
1329,0,1
1330,3,3
1331,2,3
1332,2,2
1333,3,3
1334,2,2
1335,1,1
1336,0,1
1337,2,3
1338,1,2
1339,2,2
1340,1,2
1341,2,2
1342,2,2
1343,1,1
1344,3,3
1345,1,1
1346,2,2
1347,1,2
1348,2,2
1349,2,2
1350,1,2
1351,1,1
1352,3,3
1353,1,2
1354,1,2
1355,1,1
1356,1,1
1357,2,2
1358,3,3
1359,1,2
1360,1,1
1361,0,1
1362,2,2
1363,2,2
1364,1,2
1365,3,3
1366,1,2
1367,3,3
1368,3,3
1369,1,2
1370,1,1
1371,1,1
1372,1,1
1373,3,3
1374,1,2
1375,3,3
1376,1,2
1377,1,2
1378,0,1
1379,1,2
1380,1,2
1381,0,1
1382,0,1
1383,2,2
1384,2,2
1385,2,2
1386,1,1
1387,2,3
1388,0,1
1389,1,2
1390,1,2
1391,2,2
1392,0,1
1393,2,2
1394,3,3
1395,3,3
1396,0,0
1397,0,1
1398,0,1
1399,2,2
1400,3,3
1401,2,2
1402,2,2
1403,2,3
1404,2,2
1405,2,2
1406,2,2
1407,2,2
1408,3,3
1409,0,1
1410,0,1
1411,1,1
1412,0,1
1413,0,1
1414,1,1
1415,1,1
1416,2,2
1417,1,1
1418,3,3
1419,1,1
1420,2,2
1421,3,4
1422,3,3
1423,0,1
1424,2,2
1425,1,2
1426,0,1
1427,1,1
1428,1,2
1429,0,1
1430,3,3
1431,1,1
1432,2,3
1433,2,2
1434,3,3
1435,2,2
1436,1,2
1437,1,2
1438,3,3
1439,1,2
1440,0,1
1441,2,2
1442,4,4
1443,0,1
1444,0,1
1445,2,2
1446,0,1
1447,2,2
1448,1,1
1449,0,0
1450,1,1
1451,1,1
1452,2,2
1453,2,2
1454,2,2
1455,2,3
1456,1,2
1457,1,2
1458,1,2
1459,1,2
1460,2,2
1461,3,3
1462,1,2
1463,2,3
1464,0,1
1465,0,1
1466,2,2
1467,3,3
1468,3,3
1469,2,2
1470,4,4
1471,3,3
1472,0,1
1473,0,1
1474,2,2
1475,1,2
1476,1,1
1477,3,3
1478,1,2
1479,2,3
1480,2,2
1481,1,2
1482,1,2
1483,3,3
1484,2,2
1485,2,2
1486,2,2
1487,2,3
1488,1,1
1489,1,1
1490,1,1
1491,1,1
1492,2,2
1493,1,2
1494,2,3
1495,1,1
1496,2,2
1497,2,3
1498,2,3
1499,2,2
1500,2,3
1501,3,3
1502,1,2
1503,1,2
1504,0,1
1505,1,2
1506,1,2
1507,1,2
1508,1,2
1509,2,2
1510,0,1
1511,1,2
1512,1,2
1513,2,2
1514,1,2
1515,2,3
1516,1,2
1517,0,1
1518,0,1
1519,3,3
1520,1,1
1521,3,3
1522,1,1
1523,2,3
1524,3,3
1525,2,3
1526,2,2
1527,1,2
1528,1,2
1529,3,3
1530,2,2
1531,2,2
1532,3,3
1533,2,3
1534,2,3
1535,2,2
1536,0,1
1537,2,2
1538,3,3
1539,1,2
1540,2,2
1541,1,1
1542,2,2
1543,3,3
1544,2,2
1545,3,3
1546,2,2
1547,1,1
1548,2,2
1549,1,2
1550,0,1
1551,2,3
1552,0,1
1553,2,2
1554,2,2
1555,1,1
1556,1,1
1557,1,2
1558,1,2
1559,0,1
1560,1,2
1561,2,3
1562,1,1
1563,3,3
1564,2,2
1565,1,2
1566,2,2
1567,0,1
1568,1,2
1569,1,2
1570,1,1
1571,2,2
1572,0,0
1573,1,2
1574,1,2
1575,1,1
1576,2,2
1577,3,3
1578,2,3
1579,1,1
1580,0,1
1581,1,2
1582,2,3
1583,2,2
1584,2,2
1585,2,2
1586,1,2
1587,1,1
1588,1,2
1589,2,2
1590,2,2
1591,1,1
1592,2,2
1593,1,2
1594,2,3
1595,2,2
1596,2,3
1597,1,2
1598,1,2
1599,3,3
1600,2,2
1601,1,2
1602,1,2
1603,1,2
1604,2,3
1605,1,2
1606,1,2
1607,0,1
1608,0,1
1609,1,1
1610,1,2
1611,2,2
1612,1,2
1613,3,3
1614,2,2
1615,2,3
1616,2,3
1617,2,2
1618,2,2
1619,2,2
1620,2,3
1621,2,2
1622,3,3
1623,2,3
1624,0,1
1625,2,2
1626,2,3
1627,2,2
1628,0,1
1629,3,3
1630,1,2
1631,0,1
1632,2,2
1633,1,2
1634,2,2
1635,1,1
1636,0,1
1637,1,2
1638,2,3
1639,2,2
1640,1,1
1641,2,2
1642,1,1
1643,1,1
1644,1,2
1645,1,2
1646,2,2
1647,2,3
1648,1,2
1649,2,2
1650,1,2
1651,1,2
1652,1,2
1653,2,2
1654,1,2
1655,1,2
1656,1,1
1657,2,2
1658,2,2
1659,1,2
1660,3,3
1661,1,2
1662,2,2
1663,1,2
1664,1,1
1665,2,2
1666,3,3
1667,2,2
1668,0,1
1669,0,1
1670,2,3
1671,0,0
1672,2,3
1673,0,1
1674,1,1
1675,2,2
1676,1,2
1677,3,3
1678,2,3
1679,1,2
1680,1,2
1681,0,1
1682,1,2
1683,3,3
1684,0,1
1685,3,3
1686,1,2
1687,2,2
1688,1,2
1689,1,1
1690,0,0
1691,1,1
1692,2,3
1693,1,2
1694,1,2
1695,1,1
1696,1,2
1697,1,1
1698,2,2
1699,1,2
1700,2,3
1701,3,3
1702,1,2
1703,4,4
1704,1,1
1705,1,1
1706,2,3
1707,1,1
1708,1,2
1709,2,3
1710,1,2
1711,2,3
1712,1,2
1713,3,4
1714,1,2
1715,1,2
1716,2,3
1717,1,2
1718,3,3
1719,3,3
1720,3,3
1721,0,1
1722,1,2
1723,1,2
1724,1,1
1725,2,3
1726,2,2
1727,1,2
1728,0,1
1729,1,1
1730,1,1
1731,1,2
1732,0,1
1733,1,1
1734,1,2
1735,2,2
1736,2,3
1737,2,2
1738,3,3
1739,1,1
1740,2,2
1741,0,1
1742,2,2
1743,1,2
1744,2,3
1745,1,2
1746,1,2
1747,2,2
1748,1,2
1749,2,2
1750,1,2
1751,3,3
1752,1,2
1753,1,1
1754,3,3
1755,1,2
1756,1,2
1757,3,3
1758,0,1
1759,1,1
1760,1,2
1761,1,2
1762,1,2
1763,0,0
1764,2,2
1765,3,3
1766,3,3
1767,0,1
1768,2,2
1769,0,0
1770,2,3
1771,1,2
1772,2,3
1773,0,1
1774,0,1
1775,1,2
1776,4,4
1777,0,1
1778,2,2
1779,1,1
1780,1,1
1781,1,1
1782,0,1
1783,1,2
1784,1,2
1785,0,1
1786,0,1
1787,3,3
1788,1,2
1789,3,3
1790,1,2
1791,3,3
1792,1,2
1793,2,2
1794,2,2
1795,1,2
1796,1,1
1797,3,3
1798,2,2
1799,2,2
1800,1,2
1801,1,2
1802,1,1
1803,2,2
1804,1,1
1805,1,2
1806,0,1
1807,1,2
1808,0,1
1809,1,2
1810,1,1
1811,1,1
1812,2,3
1813,2,3
1814,2,2
1815,3,3
1816,2,2
1817,2,2
1818,1,2
1819,1,2
1820,1,1
1821,3,3
1822,2,3
1823,2,2
1824,2,2
1825,1,2
1826,2,2
1827,2,2
1828,2,2
1829,3,3
1830,3,3
1831,1,2
1832,1,2
1833,3,3
1834,0,0
1835,1,2
1836,3,3
1837,1,2
1838,1,2
1839,2,3
1840,2,2
1841,1,1
1842,2,3
1843,2,2
1844,1,1
1845,4,4
1846,2,2
1847,0,1
1848,2,2
1849,1,1
1850,1,2
1851,2,3
1852,1,1
1853,3,3
1854,1,2
1855,2,3
1856,0,1
1857,2,3
1858,2,2
1859,2,3
1860,0,1
1861,1,1
1862,2,2
1863,1,2
1864,1,1
1865,3,3
1866,2,3
1867,2,2
1868,2,2
1869,1,1
1870,1,1
1871,1,1
1872,0,0
1873,3,3
1874,0,1
1875,0,1
1876,0,1
1877,1,2
1878,1,2
1879,3,3
1880,1,1
1881,2,2
1882,2,2
1883,1,1
1884,1,1
1885,2,2
1886,1,1
1887,1,1
1888,1,1
1889,2,3
1890,2,3
1891,0,1
1892,1,2
1893,2,3
1894,3,3
1895,0,0
1896,3,3
1897,1,1
1898,2,2
1899,2,2
1900,3,3
1901,1,1
1902,1,2
1903,2,2
1904,3,3
1905,2,2
1906,1,1
1907,1,1
1908,1,2
1909,1,1
1910,2,2
1911,2,3
1912,2,2
1913,1,1
1914,3,3
1915,2,3
1916,1,2
1917,2,2
1918,0,1
1919,1,2
1920,1,2
1921,1,1
1922,2,2
1923,3,3
1924,2,2
1925,2,3
1926,2,2
1927,1,1
1928,0,1
1929,2,2
1930,1,1
1931,2,2
1932,4,4
1933,2,2
1934,1,1
1935,1,2
1936,2,2
1937,1,1
1938,2,3
1939,3,3
1940,2,2
1941,1,2
1942,3,3
1943,1,1
1944,0,1
1945,1,1
1946,1,1
1947,1,2
1948,1,2
1949,2,2
1950,1,1
1951,3,4
1952,1,2
1953,2,3
1954,1,2
1955,0,1
1956,0,0
1957,1,1
1958,2,2
1959,0,1
1960,2,2
1961,2,2
1962,0,1
1963,3,3
1964,1,2
1965,3,4
1966,1,2
1967,1,2
1968,0,0
1969,1,2
1970,2,2
1971,1,1
1972,2,2
1973,1,1
1974,1,1
1975,2,2
1976,3,3
1977,0,1
1978,1,1
1979,2,2
1980,3,3
1981,0,1
1982,3,3
1983,2,2
1984,1,2
1985,1,2
1986,2,3
1987,1,2
1988,2,2
1989,2,3
1990,1,2
1991,0,1
1992,0,1
1993,1,1
1994,0,1
1995,1,1
1996,2,2
1997,2,3
1998,2,2
1999,2,2
2000,1,2
2001,0,1
2002,0,2
2003,1,2
2004,0,1
2005,0,2
2006,0,1
2007,0,1
2008,0,1
2009,0,1
2010,0,1
2011,0,1
2012,0,1
2013,0,2
2014,0,2
2015,0,1
2016,0,1
2017,1,2
2018,0,2
2019,0,1
2020,0,1
2021,0,2
2022,0,2
2023,0,1
2024,1,2
2025,0,1
2026,0,1
2027,0,1
2028,1,2
2029,0,1
2030,0,2
2031,0,1
2032,0,1
2033,0,1
2034,1,2
2035,0,1
2036,0,2
2037,1,2
2038,1,2
2039,0,1
2040,1,2
2041,0,1
2042,0,2
2043,0,1
2044,1,2
2045,0,2
2046,1,2
2047,1,2
2048,0,2
2049,0,1
2050,0,1
2051,0,1
2052,0,1
2053,1,2
2054,0,1
2055,0,1
2056,1,2
2057,0,1
2058,0,1
2059,0,1
2060,0,1
2061,0,1
2062,0,1
2063,0,1
2064,0,1
2065,1,2
2066,0,1
2067,0,1
2068,0,1
2069,0,1
2070,1,2
2071,1,2
2072,0,1
2073,0,1
2074,0,1
2075,1,2
2076,1,2
2077,1,2
2078,0,1
2079,0,1
2080,0,1
2081,0,2
2082,0,1
2083,0,1
2084,0,2
2085,1,2
2086,0,1
2087,0,1
2088,0,1
2089,0,1
2090,0,1
2091,0,1
2092,0,1
2093,0,1
2094,0,1
2095,0,1
2096,0,2
2097,0,1
2098,0,1
2099,0,1
2100,0,1
2101,0,1
2102,0,1
2103,0,2
2104,0,1
2105,1,2
2106,0,1
2107,0,1
2108,0,1
2109,0,1
2110,0,2
2111,0,1
2112,0,1
2113,1,2
2114,0,2
2115,1,2
2116,0,1
2117,0,1
2118,1,2
2119,1,2
2120,1,2
2121,0,1
2122,0,1
2123,0,1
2124,0,1
2125,1,2
2126,1,2
2127,0,1
2128,0,2
2129,0,1
2130,0,1
2131,0,1
2132,0,1
2133,1,2
2134,0,2
2135,0,2
2136,0,1
2137,0,2
2138,1,2
2139,0,2
2140,0,2
2141,0,2
2142,1,2
2143,0,1
2144,1,2
2145,0,1
2146,1,2
2147,1,2
2148,0,1
2149,0,1
2150,0,1
2151,0,1
2152,0,1
2153,0,1
2154,1,2
2155,0,1
2156,0,1
2157,0,2
2158,0,2
2159,0,2
2160,0,1
2161,0,1
2162,0,1
2163,0,2
2164,0,1
2165,1,2
2166,1,2
2167,0,1
2168,0,1
2169,0,1
2170,1,2
2171,1,2
2172,0,1
2173,0,2
2174,1,2
2175,0,1
2176,1,2
2177,0,2
2178,0,2
2179,0,1
2180,0,1
2181,1,2
2182,0,1
2183,1,2
2184,0,2
2185,0,1
2186,0,1
2187,0,1
2188,0,2
2189,0,1
2190,1,2
2191,0,1
2192,0,1
2193,0,1
2194,0,1
2195,0,1
2196,1,2
2197,1,2
2198,0,1
2199,1,2
2200,1,2
2201,0,1
2202,1,2
2203,0,1
2204,0,1
2205,0,2
2206,0,1
2207,0,1
2208,0,1
2209,0,2
2210,0,2
2211,0,2
2212,0,2
2213,0,2
2214,0,2
2215,1,2
2216,0,1
2217,0,1
2218,1,2
2219,1,2
2220,0,1
2221,0,2
2222,0,1
2223,1,2
2224,0,1
2225,0,2
2226,0,2
2227,0,1
2228,1,2
2229,1,2
2230,0,1
2231,0,1
2232,1,2
2233,1,2
2234,0,1
2235,0,1
2236,0,2
2237,0,2
2238,0,2
2239,1,2
2240,0,1
2241,0,1
2242,1,2
2243,0,2
2244,0,1
2245,0,1
2246,1,2
2247,0,1
2248,0,1
2249,0,1
2250,1,2
2251,0,1
2252,0,2
2253,0,1
2254,0,2
2255,1,2
2256,0,1
2257,1,2
2258,0,2
2259,0,2
2260,0,1
2261,1,2
2262,0,1
2263,1,2
2264,0,2
2265,1,2
2266,1,3
2267,1,2
2268,0,1
2269,0,2
2270,0,1
2271,1,2
2272,0,1
2273,0,1
2274,0,1
2275,1,2
2276,0,1
2277,0,2
2278,0,2
2279,0,2
2280,0,2
2281,1,2
2282,0,1
2283,0,1
2284,1,2
2285,0,2
2286,0,1
2287,0,1
2288,0,1
2289,0,1
2290,0,1
2291,0,1
2292,0,1
2293,1,3
2294,0,2
2295,0,1
2296,0,1
2297,0,2
2298,0,2
2299,1,2
2300,0,1
2301,0,1
2302,0,1
2303,0,2
2304,1,2
2305,0,1
2306,0,2
2307,0,1
2308,0,1
2309,0,1
2310,0,1
2311,0,1
2312,0,2
2313,0,1
2314,0,1
2315,0,1
2316,0,2
2317,1,2
2318,0,1
2319,0,2
2320,0,1
2321,0,1
2322,0,1
2323,0,2
2324,0,1
2325,1,2
2326,0,1
2327,0,1
2328,0,1
2329,0,1
2330,1,2
2331,1,2
2332,1,3
2333,0,1
2334,1,3
2335,0,1
2336,1,2
2337,1,2
2338,1,2
2339,0,2
2340,1,2
2341,0,2
2342,0,1
2343,0,2
2344,0,2
2345,0,1
2346,1,2
2347,1,2
2348,1,2
2349,0,1
2350,1,2
2351,0,1
2352,1,2
2353,0,2
2354,0,2
2355,0,2
2356,0,1
2357,0,1
2358,0,1
2359,0,1
2360,0,2
2361,0,1
2362,1,2
2363,0,1
2364,0,1
2365,0,2
2366,1,2
2367,0,1
2368,1,2
2369,1,2
2370,0,2
2371,0,2
2372,0,1
2373,0,1
2374,0,1
2375,0,1
2376,0,2
2377,1,2
2378,0,1
2379,0,1
2380,0,1
2381,0,1
2382,0,2
2383,0,1
2384,0,1
2385,0,2
2386,0,2
2387,0,1
2388,0,1
2389,0,2
2390,0,1
2391,1,2
2392,1,2
2393,0,1
2394,0,1
2395,1,2
2396,0,1
2397,0,1
2398,1,2
2399,0,1
2400,1,2
2401,0,2
2402,0,2
2403,0,1
2404,1,2
2405,0,2
2406,0,2
2407,0,2
2408,1,2
2409,0,1
2410,0,2
2411,0,2
2412,0,2
2413,1,2
2414,1,2
2415,0,1
2416,1,2
2417,1,2
2418,0,1
2419,1,2
2420,0,1
2421,0,1
2422,0,1
2423,1,2
2424,1,2
2425,0,1
2426,1,2
2427,1,2
2428,0,1
2429,0,1
2430,0,2
2431,0,1
2432,0,2
2433,0,1
2434,1,2
2435,0,2
2436,0,1
2437,0,1
2438,0,1
2439,0,1
2440,0,1
2441,0,1
2442,0,1
2443,0,2
2444,0,1
2445,1,2
2446,0,1
2447,1,2
2448,0,2
2449,0,2
2450,0,1
2451,0,2
2452,0,1
2453,1,2
2454,0,1
2455,0,2
2456,1,2
2457,0,1
2458,0,1
2459,1,2
2460,0,2
2461,0,1
2462,0,1
2463,1,2
2464,1,2
2465,1,2
2466,1,2
2467,0,1
2468,0,2
2469,0,1
2470,0,1
2471,0,1
2472,0,2
2473,0,1
2474,0,1
2475,0,1
2476,1,2
2477,0,1
2478,0,1
2479,0,2
2480,0,2
2481,0,1
2482,0,1
2483,1,2
2484,1,2
2485,1,2
2486,0,2
2487,0,2
2488,0,1
2489,1,2
2490,0,1
2491,0,2
2492,0,1
2493,1,2
2494,0,2
2495,0,2
2496,0,2
2497,1,2
2498,0,2
2499,0,2
2500,0,1
2501,0,1
2502,0,1
2503,0,1
2504,0,1
2505,1,2
2506,0,2
2507,0,2
2508,0,1
2509,0,1
2510,1,2
2511,0,1
2512,0,1
2513,0,1
2514,0,2
2515,0,1
2516,0,1
2517,1,2
2518,1,2
2519,0,2
2520,0,1
2521,0,2
2522,0,1
2523,0,1
2524,0,1
2525,1,2
2526,0,2
2527,0,1
2528,0,1
2529,0,1
2530,0,1
2531,0,1
2532,0,1
2533,0,1
2534,0,1
2535,0,1
2536,0,1
2537,0,2
2538,1,2
2539,0,1
2540,0,1
2541,0,1
2542,0,1
2543,0,2
2544,1,2
2545,0,1
2546,0,1
2547,0,1
2548,0,2
2549,1,2
2550,0,1
2551,0,1
2552,0,1
2553,0,2
2554,0,2
2555,1,2
2556,0,1
2557,0,2
2558,0,1
2559,0,1
2560,0,2
2561,0,2
2562,0,1
2563,0,1
2564,0,2
2565,0,2
2566,0,1
2567,1,2
2568,1,2
2569,0,1
2570,0,1
2571,0,1
2572,0,2
2573,0,1
2574,0,1
2575,0,2
2576,0,1
2577,0,1
2578,0,1
2579,0,1
2580,0,2
2581,0,1
2582,0,1
2583,0,1
2584,0,2
2585,0,2
2586,0,1
2587,0,2
2588,1,2
2589,1,2
2590,0,2
2591,0,2
2592,0,1
2593,0,1
2594,1,2
2595,0,1
2596,0,1
2597,0,2
2598,0,1
2599,1,2
2600,1,2
2601,0,1
2602,1,2
2603,0,1
2604,0,1
2605,0,1
2606,1,2
2607,0,1
2608,0,1
2609,1,2
2610,0,2
2611,0,1
2612,0,1
2613,0,1
2614,0,1
2615,0,1
2616,1,2
2617,0,1
2618,0,1
2619,0,1
2620,0,1
2621,0,1
2622,0,2
2623,0,1
2624,0,1
2625,1,2
2626,1,2
2627,0,1
2628,1,2
2629,0,2
2630,0,1
2631,0,1
2632,0,2
2633,0,2
2634,0,1
2635,0,1
2636,0,1
2637,1,2
2638,0,2
2639,0,1
2640,0,1
2641,0,1
2642,0,2
2643,1,2
2644,0,2
2645,0,1
2646,1,2
2647,0,1
2648,0,1
2649,1,2
2650,0,1
2651,0,1
2652,0,2
2653,1,2
2654,0,2
2655,0,2
2656,1,2
2657,0,1
2658,0,1
2659,0,1
2660,0,1
2661,1,2
2662,0,2
2663,0,1
2664,0,2
2665,1,2
2666,0,1
2667,1,2
2668,0,1
2669,0,1
2670,1,2
2671,1,2
2672,0,2
2673,0,1
2674,0,2
2675,0,1
2676,0,2
2677,0,1
2678,0,1
2679,0,2
2680,0,2
2681,0,1
2682,0,1
2683,1,2
2684,1,2
2685,0,2
2686,0,2
2687,0,1
2688,0,1
2689,1,2
2690,1,2
2691,0,1
2692,0,1
2693,0,2
2694,0,1
2695,0,2
2696,0,1
2697,0,1
2698,0,1
2699,0,2
2700,0,1
2701,0,1
2702,0,2
2703,0,1
2704,1,2
2705,0,2
2706,0,1
2707,0,2
2708,0,1
2709,0,1
2710,0,2
2711,0,1
2712,0,1
2713,0,2
2714,0,2
2715,0,1
2716,0,1
2717,0,1
2718,0,1
2719,0,2
2720,0,1
2721,1,2
2722,0,1
2723,1,2
2724,0,1
2725,0,2
2726,0,1
2727,0,1
2728,1,2
2729,1,2
2730,0,1
2731,0,1
2732,0,2
2733,0,1
2734,0,1
2735,1,2
2736,0,1
2737,0,1
2738,1,2
2739,0,2
2740,0,2
2741,1,2
2742,0,2
2743,0,1
2744,0,1
2745,1,2
2746,1,2
2747,1,2
2748,1,2
2749,0,1
2750,1,2
2751,0,1
2752,0,2
2753,0,1
2754,1,2
2755,0,2
2756,0,1
2757,0,1
2758,1,2
2759,0,1
2760,1,2
2761,0,1
2762,0,1
2763,0,2
2764,0,1
2765,1,2
2766,0,2
2767,0,1
2768,1,2
2769,0,2
2770,0,1
2771,0,1
2772,0,1
2773,0,1
2774,0,1
2775,1,2
2776,1,2
2777,0,2
2778,1,2
2779,0,1
2780,1,2
2781,0,1
2782,1,2
2783,0,2
2784,0,1
2785,0,2
2786,0,1
2787,0,2
2788,0,1
2789,0,2
2790,0,1
2791,0,1
2792,1,2
2793,0,1
2794,1,2
2795,0,1
2796,0,2
2797,0,1
2798,0,1
2799,0,2
2800,1,2
2801,0,1
2802,0,2
2803,0,2
2804,1,2
2805,1,2
2806,0,1
2807,1,2
2808,0,1
2809,0,1
2810,0,1
2811,0,1
2812,0,1
2813,0,1
2814,1,2
2815,0,1
2816,0,2
2817,0,2
2818,0,2
2819,0,1
2820,1,2
2821,1,2
2822,0,1
2823,0,1
2824,1,2
2825,0,2
2826,0,1
2827,1,2
2828,1,2
2829,1,2
2830,0,1
2831,1,2
2832,0,1
2833,0,2
2834,0,1
2835,0,2
2836,0,1
2837,1,2
2838,0,1
2839,1,2
2840,0,1
2841,1,2
2842,0,1
2843,0,2
2844,0,1
2845,0,1
2846,0,1
2847,0,1
2848,1,2
2849,0,1
2850,0,1
2851,0,1
2852,0,1
2853,1,2
2854,0,2
2855,0,2
2856,1,2
2857,0,1
2858,1,2
2859,1,2
2860,1,2
2861,0,2
2862,0,1
2863,0,1
2864,0,1
2865,0,2
2866,0,1
2867,0,1
2868,0,1
2869,0,2
2870,1,2
2871,0,2
2872,1,2
2873,0,1
2874,0,1
2875,0,1
2876,0,1
2877,0,2
2878,1,2
2879,0,2
2880,0,2
2881,0,2
2882,0,1
2883,0,1
2884,0,1
2885,0,1
2886,0,2
2887,1,2
2888,0,1
2889,0,1
2890,0,1
2891,0,1
2892,0,1
2893,0,1
2894,0,1
2895,1,2
2896,0,1
2897,0,2
2898,1,2
2899,1,2
2900,0,2
2901,0,1
2902,1,2
2903,0,1
2904,0,1
2905,0,2
2906,0,2
2907,0,1
2908,0,2
2909,0,1
2910,0,2
2911,0,1
2912,0,1
2913,0,2
2914,0,1
2915,1,2
2916,0,1
2917,0,1
2918,0,2
2919,0,2
2920,0,1
2921,0,1
2922,0,1
2923,0,1
2924,0,1
2925,1,2
2926,1,2
2927,0,1
2928,0,1
2929,0,2
2930,0,1
2931,1,2
2932,0,1
2933,0,1
2934,0,1
2935,0,1
2936,0,1
2937,0,2
2938,0,2
2939,0,1
2940,0,1
2941,0,1
2942,0,1
2943,0,1
2944,0,1
2945,0,1
2946,1,2
2947,0,1
2948,0,1
2949,0,1
2950,1,2
2951,0,1
2952,1,2
2953,0,2
2954,0,1
2955,0,1
2956,0,1
2957,0,1
2958,1,2
2959,1,2
2960,0,1
2961,0,1
2962,1,2
2963,0,1
2964,0,2
2965,0,1
2966,0,2
2967,0,1
2968,0,1
2969,1,2
2970,0,1
2971,0,1
2972,0,2
2973,1,2
2974,0,1
2975,1,2
2976,0,1
2977,1,2
2978,0,1
2979,0,1
2980,0,2
2981,0,2
2982,0,1
2983,0,1
2984,0,2
2985,1,2
2986,1,2
2987,1,2
2988,0,1
2989,0,2
2990,0,1
2991,1,2
2992,0,1
2993,0,2
2994,0,1
2995,0,2
2996,0,1
2997,0,1
2998,0,1
2999,0,1
3000,0,1
3001,0,1
3002,0,1
3003,0,1
3004,0,1
3005,0,1
3006,0,1
3007,0,1
3008,0,1
3009,0,1
3010,0,1
3011,0,1
3012,0,1
3013,0,1
3014,0,0
3015,0,1
3016,0,1
3017,0,1
3018,0,1
3019,0,1
3020,0,1
3021,0,1
3022,0,0
3023,0,1
3024,0,1
3025,0,1
3026,0,1
3027,0,1
3028,0,1
3029,0,1
3030,0,1
3031,0,1
3032,0,1
3033,0,1
3034,0,1
3035,0,1
3036,0,1
3037,0,1
3038,0,1
3039,0,1
3040,0,1
3041,0,1
3042,0,1
3043,0,1
3044,0,1
3045,0,0
3046,0,1
3047,0,1
3048,0,1
3049,0,1
3050,0,1
3051,0,1
3052,0,1
3053,0,1
3054,0,1
3055,0,0
3056,0,1
3057,0,1
3058,0,1
3059,0,1
3060,0,1
3061,0,1
3062,0,0
3063,0,1
3064,0,1
3065,0,1
3066,0,1
3067,0,1
3068,0,1
3069,0,0
3070,0,1
3071,0,1
3072,0,1
3073,0,1
3074,0,1
3075,0,1
3076,0,1
3077,0,1
3078,0,1
3079,0,1
3080,0,1
3081,0,1
3082,0,1
3083,0,1
3084,0,1
3085,0,1
3086,0,1
3087,0,1
3088,0,0
3089,0,1
3090,0,1
3091,0,0
3092,0,0
3093,0,1
3094,0,1
3095,0,1
3096,0,1
3097,0,1
3098,0,1
3099,0,1
3100,0,1
3101,0,1
3102,0,0
3103,0,1
3104,0,0
3105,0,1
3106,0,1
3107,0,1
3108,0,1
3109,0,1
3110,0,1
3111,0,1
3112,0,1
3113,0,1
3114,0,1
3115,0,1
3116,0,1
3117,0,1
3118,0,0
3119,0,1
3120,0,1
3121,0,1
3122,0,1
3123,0,1
3124,0,0
3125,0,1
3126,0,1
3127,0,1
3128,0,1
3129,0,1
3130,0,1
3131,0,0
3132,0,0
3133,0,1
3134,0,1
3135,0,1
3136,0,1
3137,0,1
3138,0,1
3139,0,1
3140,0,1
3141,0,1
3142,0,1
3143,0,1
3144,0,1
3145,0,1
3146,0,1
3147,0,1
3148,0,1
3149,0,0
3150,0,1
3151,0,1
3152,0,1
3153,0,1
3154,0,1
3155,0,1
3156,0,1
3157,0,1
3158,0,1
3159,0,0
3160,0,1
3161,0,1
3162,0,1
3163,0,1
3164,0,1
3165,0,0
3166,0,1
3167,0,1
3168,0,1
3169,0,1
3170,0,1
3171,0,1
3172,0,1
3173,0,1
3174,0,1
3175,0,0
3176,0,1
3177,0,1
3178,0,1
3179,0,1
3180,0,1
3181,0,0
3182,0,1
3183,0,1
3184,0,1
3185,0,1
3186,0,1
3187,0,1
3188,0,1
3189,0,1
3190,0,1
3191,0,0
3192,0,1
3193,0,1
3194,0,1
3195,0,1
3196,0,1
3197,0,1
3198,0,1
3199,0,1
3200,0,1
3201,0,1
3202,0,1
3203,0,1
3204,0,1
3205,0,0
3206,0,1
3207,0,1
3208,0,1
3209,0,1
3210,0,1
3211,0,1
3212,0,1
3213,0,1
3214,0,1
3215,0,1
3216,0,1
3217,0,1
3218,0,1
3219,0,0
3220,0,1
3221,0,1
3222,0,1
3223,0,1
3224,0,0
3225,0,1
3226,0,1
3227,0,0
3228,0,1
3229,0,1
3230,0,1
3231,0,1
3232,0,1
3233,0,1
3234,0,1
3235,0,1
3236,0,1
3237,0,1
3238,0,1
3239,0,1
3240,0,1
3241,0,1
3242,0,1
3243,0,1
3244,0,0
3245,0,1
3246,0,1
3247,0,1
3248,0,1
3249,0,1
3250,0,1
3251,0,1
3252,0,1
3253,0,1
3254,0,1
3255,0,1
3256,0,1
3257,0,1
3258,0,1
3259,0,1
3260,0,1
3261,0,1
3262,0,1
3263,0,1
3264,0,1
3265,0,0
3266,0,1
3267,0,1
3268,0,1
3269,0,1
3270,0,1
3271,0,1
3272,0,1
3273,0,1
3274,0,1
3275,0,1
3276,0,1
3277,0,1
3278,0,1
3279,0,1
3280,0,1
3281,0,1
3282,0,1
3283,0,1
3284,0,1
3285,0,1
3286,0,1
3287,0,1
3288,0,1
3289,0,1
3290,0,1
3291,0,1
3292,0,1
3293,0,0
3294,0,1
3295,0,1
3296,0,1
3297,0,1
3298,0,0
3299,0,1
3300,0,1
3301,0,1
3302,0,1
3303,0,1
3304,0,1
3305,0,1
3306,0,1
3307,0,1
3308,0,1
3309,0,1
3310,0,1
3311,0,1
3312,0,1
3313,0,1
3314,0,1
3315,0,1
3316,0,0
3317,0,1
3318,0,1
3319,0,1
3320,0,1
3321,0,1
3322,0,1
3323,0,1
3324,0,1
3325,0,1
3326,0,1
3327,0,1
3328,0,1
3329,0,1
3330,0,1
3331,0,1
3332,0,1
3333,0,1
3334,0,1
3335,0,1
3336,0,1
3337,0,1
3338,0,1
3339,0,1
3340,0,1
3341,0,1
3342,0,1
3343,0,1
3344,0,1
3345,0,1
3346,0,0
3347,0,1
3348,0,0
3349,0,0
3350,0,1
3351,0,1
3352,0,1
3353,0,1
3354,0,1
3355,0,1
3356,0,1
3357,0,1
3358,0,0
3359,0,1
3360,0,1
3361,0,1
3362,0,1
3363,0,1
3364,0,1
3365,0,1
3366,0,1
3367,0,1
3368,0,0
3369,0,0
3370,0,1
3371,0,0
3372,0,1
3373,0,1
3374,0,1
3375,0,1
3376,0,1
3377,0,1
3378,0,1
3379,0,1
3380,0,1
3381,0,1
3382,0,1
3383,0,1
3384,0,1
3385,0,1
3386,0,1
3387,0,0
3388,0,1
3389,0,1
3390,0,0
3391,0,1
3392,0,1
3393,0,1
3394,0,1
3395,0,1
3396,0,1
3397,0,1
3398,0,1
3399,0,1
3400,0,1
3401,0,1
3402,0,1
3403,0,1
3404,0,1
3405,0,1
3406,0,1
3407,0,1
3408,0,1
3409,0,1
3410,0,0
3411,0,1
3412,0,1
3413,0,1
3414,0,1
3415,0,1
3416,0,1
3417,0,1
3418,0,1
3419,0,1
3420,0,1
3421,0,1
3422,0,1
3423,0,1
3424,0,1
3425,0,1
3426,0,1
3427,0,0
3428,0,1
3429,0,1
3430,0,1
3431,0,1
3432,0,1
3433,0,1
3434,0,1
3435,0,1
3436,0,1
3437,0,1
3438,0,1
3439,0,1
3440,0,1
3441,0,0
3442,0,1
3443,0,1
3444,0,1
3445,0,1
3446,0,1
3447,0,1
3448,0,1
3449,0,1
3450,0,1
3451,0,1
3452,0,1
3453,0,1
3454,0,0
3455,0,1
3456,0,1
3457,0,1
3458,0,1
3459,0,1
3460,0,1
3461,0,1
3462,0,1
3463,0,1
3464,0,1
3465,0,1
3466,0,1
3467,0,1
3468,0,1
3469,0,1
3470,0,1
3471,0,0
3472,0,1
3473,0,0
3474,0,1
3475,0,1
3476,0,1
3477,0,1
3478,0,1
3479,0,1
3480,0,1
3481,0,1
3482,0,1
3483,0,1
3484,0,1
3485,0,1
3486,0,1
3487,0,1
3488,0,1
3489,0,1
3490,0,1
3491,0,1
3492,0,1
3493,0,1
3494,0,0
3495,0,1
3496,0,1
3497,0,1
3498,0,0
3499,0,1
3500,0,1
3501,0,1
3502,0,1
3503,0,1
3504,0,1
3505,0,1
3506,0,1
3507,0,1
3508,0,1
3509,0,1
3510,0,1
3511,0,0
3512,0,1
3513,0,1
3514,0,1
3515,0,1
3516,0,1
3517,0,1
3518,0,1
3519,0,1
3520,0,1
3521,0,1
3522,0,0
3523,0,1
3524,0,1
3525,0,1
3526,0,0
3527,0,1
3528,0,0
3529,0,1
3530,0,1
3531,0,1
3532,0,1
3533,0,1
3534,0,1
3535,0,1
3536,0,1
3537,0,1
3538,0,1
3539,0,1
3540,0,1
3541,0,1
3542,0,1
3543,0,1
3544,0,1
3545,0,1
3546,0,1
3547,0,1
3548,0,1
3549,0,1
3550,0,1
3551,0,1
3552,0,1
3553,0,1
3554,0,1
3555,0,1
3556,0,1
3557,0,1
3558,0,1
3559,0,0
3560,0,1
3561,0,1
3562,0,1
3563,0,1
3564,0,1
3565,0,1
3566,0,1
3567,0,1
3568,0,1
3569,0,1
3570,0,1
3571,0,1
3572,0,1
3573,0,1
3574,0,1
3575,0,1
3576,0,1
3577,0,1
3578,0,1
3579,0,1
3580,0,1
3581,0,1
3582,0,1
3583,0,1
3584,0,1
3585,0,1
3586,0,1
3587,0,1
3588,0,1
3589,0,1
3590,0,1
3591,0,1
3592,0,1
3593,0,1
3594,0,1
3595,0,1
3596,0,1
3597,0,1
3598,0,0
3599,0,0
3600,0,1
3601,0,0
3602,0,1
3603,0,1
3604,0,1
3605,0,1
3606,0,1
3607,0,1
3608,0,1
3609,0,0
3610,0,1
3611,0,1
3612,0,1
3613,0,1
3614,0,1
3615,0,1
3616,0,1
3617,0,1
3618,0,0
3619,0,1
3620,0,1
3621,0,1
3622,0,1
3623,0,1
3624,0,0
3625,0,1
3626,0,1
3627,0,1
3628,0,1
3629,0,1
3630,0,1
3631,0,0
3632,0,1
3633,0,1
3634,0,1
3635,0,1
3636,0,1
3637,0,1
3638,0,1
3639,0,1
3640,0,1
3641,0,1
3642,0,1
3643,0,1
3644,0,1
3645,0,1
3646,0,1
3647,0,1
3648,0,1
3649,0,1
3650,0,1
3651,0,1
3652,0,1
3653,0,1
3654,0,1
3655,0,1
3656,0,1
3657,0,1
3658,0,1
3659,0,1
3660,0,1
3661,0,1
3662,0,1
3663,0,1
3664,0,1
3665,0,1
3666,0,1
3667,0,0
3668,0,1
3669,0,1
3670,0,1
3671,0,1
3672,0,1
3673,0,1
3674,0,0
3675,0,1
3676,0,1
3677,0,1
3678,0,1
3679,0,1
3680,0,1
3681,0,1
3682,0,1
3683,0,1
3684,0,1
3685,0,1
3686,0,1
3687,0,1
3688,0,1
3689,0,1
3690,0,1
3691,0,1
3692,0,1
3693,0,1
3694,0,1
3695,0,1
3696,0,1
3697,0,1
3698,0,1
3699,0,1
3700,0,1
3701,0,0
3702,0,1
3703,0,1
3704,0,1
3705,0,1
3706,0,1
3707,0,1
3708,0,1
3709,0,1
3710,0,1
3711,0,1
3712,0,1
3713,0,1
3714,0,1
3715,0,0
3716,0,1
3717,0,1
3718,0,0
3719,0,1
3720,0,1
3721,0,1
3722,0,0
3723,0,1
3724,0,1
3725,0,1
3726,0,1
3727,0,0
3728,0,1
3729,0,1
3730,0,0
3731,0,1
3732,0,1
3733,0,1
3734,0,1
3735,0,1
3736,0,1
3737,0,1
3738,0,1
3739,0,1
3740,0,1
3741,0,1
3742,0,1
3743,0,1
3744,0,1
3745,0,1
3746,0,1
3747,0,1
3748,0,1
3749,0,1
3750,0,0
3751,0,1
3752,0,1
3753,0,1
3754,0,1
3755,0,1
3756,0,1
3757,0,1
3758,0,1
3759,0,1
3760,0,1
3761,0,1
3762,0,1
3763,0,1
3764,0,0
3765,0,1
3766,0,1
3767,0,1
3768,0,1
3769,0,1
3770,0,1
3771,0,1
3772,0,1
3773,0,1
3774,0,1
3775,0,1
3776,0,1
3777,0,1
3778,0,1
3779,0,1
3780,0,1
3781,0,1
3782,0,1
3783,0,1
3784,0,1
3785,0,0
3786,0,1
3787,0,1
3788,0,1
3789,0,1
3790,0,1
3791,0,1
3792,0,1
3793,0,1
3794,0,1
3795,0,1
3796,0,1
3797,0,1
3798,0,1
3799,0,1
3800,0,1
3801,0,1
3802,0,1
3803,0,1
3804,0,1
3805,0,1
3806,0,1
3807,0,1
3808,0,0
3809,0,1
3810,0,1
3811,0,1
3812,0,1
3813,0,1
3814,0,1
3815,0,1
3816,0,1
3817,0,0
3818,0,1
3819,0,1
3820,0,1
3821,0,1
3822,0,1
3823,0,1
3824,0,1
3825,0,0
3826,0,1
3827,0,1
3828,0,1
3829,0,1
3830,0,1
3831,0,1
3832,0,1
3833,0,1
3834,0,1
3835,0,0
3836,0,1
3837,0,1
3838,0,1
3839,0,1
3840,0,1
3841,0,1
3842,0,1
3843,0,1
3844,0,1
3845,0,1
3846,0,1
3847,0,1
3848,0,1
3849,0,1
3850,0,1
3851,0,1
3852,0,1
3853,0,1
3854,0,1
3855,0,1
3856,0,1
3857,0,1
3858,0,0
3859,0,1
3860,0,1
3861,0,1
3862,0,1
3863,0,1
3864,0,1
3865,0,1
3866,0,1
3867,0,1
3868,0,1
3869,0,1
3870,0,1
3871,0,1
3872,0,1
3873,0,1
3874,0,1
3875,0,1
3876,0,1
3877,0,1
3878,0,0
3879,0,1
3880,0,1
3881,0,1
3882,0,0
3883,0,1
3884,0,0
3885,0,1
3886,0,1
3887,0,1
3888,0,1
3889,0,1
3890,0,0
3891,0,1
3892,0,1
3893,0,1
3894,0,1
3895,0,1
3896,0,1
3897,0,1
3898,0,1
3899,0,1
3900,0,1
3901,0,1
3902,0,1
3903,0,1
3904,0,1
3905,0,1
3906,0,1
3907,0,1
3908,0,1
3909,0,1
3910,0,0
3911,0,1
3912,0,1
3913,0,1
3914,0,1
3915,0,1
3916,0,1
3917,0,1
3918,0,1
3919,0,1
3920,0,1
3921,0,1
3922,0,1
3923,0,1
3924,0,1
3925,0,1
3926,0,1
3927,0,1
3928,0,1
3929,0,1
3930,0,1
3931,0,0
3932,0,1
3933,0,1
3934,0,1
3935,0,1
3936,0,1
3937,0,1
3938,0,1
3939,0,1
3940,0,1
3941,0,1
3942,0,1
3943,0,0
3944,0,1
3945,0,0
3946,0,1
3947,0,1
3948,0,1
3949,0,1
3950,0,1
3951,0,1
3952,0,1
3953,0,1
3954,0,1
3955,0,1
3956,0,1
3957,0,1
3958,0,1
3959,0,1
3960,0,1
3961,0,1
3962,0,1
3963,0,1
3964,0,1
3965,0,1
3966,0,1
3967,0,1
3968,0,1
3969,0,1
3970,0,1
3971,0,1
3972,0,1
3973,0,1
3974,0,1
3975,0,1
3976,0,1
3977,0,1
3978,0,1
3979,0,1
3980,0,1
3981,0,1
3982,0,1
3983,0,1
3984,0,1
3985,0,1
3986,0,1
3987,0,1
3988,0,1
3989,0,1
3990,0,1
3991,0,1
3992,0,0
3993,0,1
3994,0,1
3995,0,1
3996,0,1
3997,0,1
3998,0,1
3999,0,1
4000,1,1
4001,2,3
4002,2,3
4003,1,1
4004,1,1
4005,1,1
4006,1,1
4007,1,2
4008,1,1
4009,2,2
4010,2,2
4011,1,1
4012,1,3
4013,1,2
4014,1,2
4015,1,2
4016,2,3
4017,2,2
4018,1,1
4019,1,1
4020,2,3
4021,2,3
4022,2,2
4023,2,2
4024,1,2
4025,1,1
4026,1,1
4027,1,1
4028,1,3
4029,2,2
4030,1,1
4031,1,3
4032,3,3
4033,1,1
4034,2,2
4035,1,2
4036,1,1
4037,3,3
4038,1,2
4039,2,2
4040,1,1
4041,1,2
4042,3,3
4043,1,1
4044,1,2
4045,2,2
4046,1,1
4047,2,3
4048,1,1
4049,1,1
4050,2,3
4051,1,1
4052,1,1
4053,1,2
4054,2,2
4055,1,1
4056,2,3
4057,2,2
4058,2,3
4059,2,3
4060,1,1
4061,2,3
4062,2,2
4063,2,2
4064,1,1
4065,1,1
4066,1,1
4067,1,1
4068,2,2
4069,1,1
4070,3,3
4071,2,3
4072,2,3
4073,1,1
4074,2,3
4075,1,1
4076,2,2
4077,1,2
4078,1,2
4079,1,1
4080,2,2
4081,2,3
4082,1,2
4083,1,2
4084,1,1
4085,2,2
4086,2,2
4087,1,1
4088,1,2
4089,1,2
4090,1,1
4091,2,2
4092,3,4
4093,1,1
4094,2,2
4095,1,1
4096,2,3
4097,2,3
4098,0,0
4099,0,0
4100,2,4
4101,1,1
4102,1,3
4103,1,1
4104,1,2
4105,2,2
4106,3,3
4107,2,2
4108,1,1
4109,2,3
4110,2,3
4111,2,3
4112,1,2
4113,0,0
4114,1,2
4115,1,1
4116,1,1
4117,2,2
4118,1,2
4119,1,2
4120,1,1
4121,1,2
4122,2,2
4123,2,3
4124,0,1
4125,2,3
4126,1,2
4127,2,4
4128,1,1
4129,1,2
4130,2,2
4131,1,1
4132,1,2
4133,2,2
4134,1,2
4135,1,2
4136,2,2
4137,1,1
4138,1,1
4139,1,1
4140,2,3
4141,1,1
4142,1,2
4143,1,1
4144,2,3
4145,1,1
4146,2,2
4147,1,1
4148,2,2
4149,0,0
4150,0,2
4151,2,2
4152,1,3
4153,3,3
4154,1,1
4155,1,1
4156,1,1
4157,3,4
4158,0,1
4159,1,1
4160,2,3
4161,2,3
4162,2,2
4163,2,3
4164,2,2
4165,1,1
4166,2,2
4167,2,2
4168,2,2
4169,1,2
4170,1,3
4171,1,2
4172,2,2
4173,1,2
4174,1,1
4175,1,2
4176,1,2
4177,2,2
4178,2,3
4179,2,2
4180,2,3
4181,2,2
4182,2,2
4183,1,2
4184,1,1
4185,1,1
4186,2,3
4187,1,2
4188,1,2
4189,1,2
4190,1,1
4191,1,2
4192,1,2
4193,1,1
4194,1,2
4195,1,2
4196,2,2
4197,1,1
4198,1,1
4199,1,1
4200,1,1
4201,1,1
4202,2,2
4203,2,2
4204,2,2
4205,1,2
4206,1,1
4207,1,2
4208,2,2
4209,2,2
4210,1,1
4211,2,2
4212,1,1
4213,2,2
4214,2,3
4215,1,1
4216,1,2
4217,1,1
4218,1,1
4219,2,2
4220,1,1
4221,1,2
4222,1,1
4223,1,2
4224,1,1
4225,2,3
4226,2,2
4227,3,3
4228,1,2
4229,1,2
4230,1,1
4231,1,1
4232,1,1
4233,2,4
4234,2,2
4235,2,2
4236,1,1
4237,1,1
4238,2,2
4239,1,1
4240,2,2
4241,1,2
4242,1,1
4243,1,1
4244,1,1
4245,3,3
4246,2,3
4247,1,2
4248,2,3
4249,1,3
4250,1,1
4251,2,3
4252,2,4
4253,1,2
4254,2,3
4255,0,0
4256,1,2
4257,1,2
4258,0,1
4259,0,0
4260,1,2
4261,1,1
4262,1,3
4263,2,2
4264,2,2
4265,1,2
4266,1,2
4267,1,1
4268,2,3
4269,2,2
4270,1,1
4271,2,2
4272,2,3
4273,1,3
4274,1,1
4275,1,1
4276,0,0
4277,2,3
4278,1,1
4279,1,2
4280,0,0
4281,1,1
4282,2,2
4283,1,1
4284,2,2
4285,1,1
4286,1,1
4287,1,2
4288,1,2
4289,1,1
4290,1,2
4291,2,3
4292,2,3
4293,1,2
4294,1,1
4295,1,1
4296,1,2
4297,1,1
4298,1,1
4299,2,2
4300,1,1
4301,2,2
4302,1,1
4303,1,2
4304,1,2
4305,2,2
4306,1,1
4307,1,1
4308,1,1
4309,1,1
4310,1,3
4311,1,1
4312,1,1
4313,3,3
4314,2,2
4315,1,1
4316,1,1
4317,1,2
4318,1,1
4319,1,2
4320,1,1
4321,1,1
4322,1,2
4323,1,1
4324,2,2
4325,2,2
4326,1,1
4327,2,2
4328,1,1
4329,2,3
4330,1,1
4331,1,2
4332,1,1
4333,2,2
4334,2,2
4335,2,2
4336,1,1
4337,2,2
4338,2,2
4339,2,2
4340,1,1
4341,1,1
4342,2,3
4343,2,3
4344,1,1
4345,1,1
4346,2,3
4347,1,1
4348,1,2
4349,1,2
4350,1,1
4351,2,2
4352,1,2
4353,1,1
4354,1,1
4355,1,1
4356,1,2
4357,2,2
4358,2,2
4359,1,1
4360,1,1
4361,3,3
4362,1,1
4363,1,1
4364,1,2
4365,1,2
4366,1,1
4367,1,2
4368,1,1
4369,1,2
4370,2,2
4371,1,3
4372,1,2
4373,1,1
4374,1,1
4375,2,2
4376,2,3
4377,1,1
4378,1,2
4379,1,3
4380,1,2
4381,1,1
4382,2,3
4383,1,1
4384,1,1
4385,1,1
4386,1,1
4387,0,0
4388,1,3
4389,1,1
4390,2,2
4391,1,1
4392,2,2
4393,2,2
4394,2,2
4395,1,1
4396,1,2
4397,1,2
4398,2,2
4399,2,2
4400,1,2
4401,1,1
4402,0,0
4403,2,3
4404,1,2
4405,2,2
4406,1,1
4407,2,2
4408,2,2
4409,0,0
4410,1,1
4411,1,1
4412,1,1
4413,0,1
4414,2,3
4415,1,1
4416,2,2
4417,1,2
4418,1,2
4419,1,2
4420,1,1
4421,1,2
4422,2,2
4423,1,1
4424,1,2
4425,2,3
4426,2,2
4427,1,1
4428,1,1
4429,1,1
4430,1,2
4431,1,1
4432,3,4
4433,2,3
4434,1,2
4435,1,1
4436,1,2
4437,1,1
4438,1,1
4439,1,2
4440,1,1
4441,1,2
4442,2,3
4443,1,1
4444,2,3
4445,1,3
4446,1,2
4447,1,1
4448,1,2
4449,1,1
4450,3,3
4451,2,3
4452,1,1
4453,3,3
4454,1,2
4455,2,4
4456,2,3
4457,2,2
4458,1,2
4459,1,2
4460,0,2
4461,1,1
4462,1,1
4463,2,2
4464,1,2
4465,2,2
4466,2,2
4467,2,3
4468,2,2
4469,2,3
4470,1,3
4471,1,1
4472,1,3
4473,1,1
4474,2,3
4475,1,1
4476,0,0
4477,1,2
4478,1,1
4479,2,2
4480,1,2
4481,1,3
4482,0,1
4483,2,2
4484,2,4
4485,1,2
4486,1,2
4487,1,1
4488,1,1
4489,1,1
4490,2,2
4491,2,2
4492,2,3
4493,2,4
4494,1,2
4495,3,3
4496,1,3
4497,2,2
4498,1,2
4499,1,2
4500,1,2
4501,2,3
4502,1,1
4503,0,0
4504,1,1
4505,0,0
4506,1,2
4507,1,1
4508,0,0
4509,1,2
4510,2,3
4511,2,3
4512,2,3
4513,1,1
4514,1,1
4515,1,1
4516,1,1
4517,1,2
4518,1,3
4519,1,3
4520,1,1
4521,1,1
4522,1,1
4523,1,1
4524,1,1
4525,1,1
4526,0,0
4527,1,2
4528,1,3
4529,1,2
4530,1,2
4531,2,2
4532,1,3
4533,1,2
4534,1,1
4535,1,2
4536,2,2
4537,1,2
4538,1,1
4539,3,3
4540,0,0
4541,1,1
4542,1,2
4543,2,2
4544,1,1
4545,1,3
4546,1,1
4547,1,1
4548,1,1
4549,1,1
4550,1,1
4551,1,2
4552,1,2
4553,1,2
4554,2,2
4555,2,2
4556,1,2
4557,1,2
4558,2,2
4559,1,1
4560,1,1
4561,2,2
4562,2,2
4563,1,2
4564,1,1
4565,1,1
4566,2,4
4567,1,2
4568,1,1
4569,2,3
4570,1,2
4571,1,1
4572,1,2
4573,1,1
4574,2,2
4575,1,1
4576,1,2
4577,1,1
4578,2,2
4579,1,1
4580,2,2
4581,0,0
4582,2,3
4583,1,2
4584,0,0
4585,1,1
4586,3,3
4587,2,2
4588,2,2
4589,2,3
4590,2,2
4591,1,2
4592,1,2
4593,1,1
4594,2,2
4595,1,2
4596,1,2
4597,1,1
4598,1,1
4599,1,1
4600,1,1
4601,1,2
4602,2,2
4603,1,1
4604,2,2
4605,2,2
4606,2,2
4607,2,2
4608,1,1
4609,1,1
4610,1,2
4611,2,2
4612,1,1
4613,1,1
4614,1,1
4615,2,3
4616,1,3
4617,2,2
4618,1,1
4619,2,2
4620,1,2
4621,2,2
4622,1,1
4623,1,1
4624,1,1
4625,2,3
4626,3,3
4627,1,1
4628,1,1
4629,1,2
4630,2,2
4631,1,1
4632,1,1
4633,2,2
4634,1,1
4635,1,1
4636,1,1
4637,2,2
4638,1,1
4639,1,1
4640,1,2
4641,2,3
4642,1,1
4643,2,2
4644,1,2
4645,1,2
4646,1,1
4647,2,3
4648,2,2
4649,2,2
4650,1,3
4651,1,3
4652,2,3
4653,1,1
4654,1,1
4655,2,3
4656,1,2
4657,1,2
4658,1,3
4659,2,2
4660,2,3
4661,1,1
4662,1,1
4663,1,1
4664,2,3
4665,1,1
4666,3,4
4667,1,2
4668,0,0
4669,1,1
4670,2,2
4671,2,2
4672,1,2
4673,1,1
4674,1,1
4675,1,1
4676,1,1
4677,1,2
4678,1,2
4679,2,2
4680,1,2
4681,2,3
4682,1,2
4683,3,3
4684,0,1
4685,2,2
4686,1,2
4687,1,1
4688,1,2
4689,2,2
4690,1,1
4691,1,2
4692,1,1
4693,1,2
4694,1,2
4695,2,3
4696,1,2
4697,2,2
4698,3,3
4699,2,2
4700,1,1
4701,2,4
4702,1,2
4703,1,2
4704,1,1
4705,2,4
4706,1,2
4707,1,2
4708,2,2
4709,2,2
4710,1,3
4711,1,3
4712,2,2
4713,1,1
4714,1,1
4715,2,3
4716,0,0
4717,2,2
4718,1,2
4719,1,1
4720,1,2
4721,2,3
4722,1,1
4723,2,3
4724,2,3
4725,1,1
4726,3,3
4727,2,3
4728,1,1
4729,1,1
4730,1,1
4731,1,1
4732,2,2
4733,1,2
4734,2,2
4735,1,2
4736,2,2
4737,1,2
4738,1,2
4739,2,2
4740,1,1
4741,0,0
4742,2,2
4743,1,1
4744,1,1
4745,1,2
4746,1,2
4747,1,2
4748,2,3
4749,0,0
4750,1,1
4751,2,2
4752,1,2
4753,2,3
4754,1,1
4755,2,2
4756,1,1
4757,1,2
4758,1,2
4759,1,1
4760,1,2
4761,1,1
4762,1,2
4763,2,2
4764,2,2
4765,1,1
4766,2,2
4767,1,1
4768,2,2
4769,2,2
4770,1,2
4771,2,2
4772,3,4
4773,1,1
4774,1,1
4775,1,3
4776,1,2
4777,1,2
4778,1,2
4779,2,2
4780,1,2
4781,1,2
4782,1,1
4783,1,2
4784,2,2
4785,1,1
4786,1,1
4787,2,3
4788,1,1
4789,2,2
4790,1,1
4791,1,2
4792,0,0
4793,1,1
4794,1,1
4795,2,2
4796,1,2
4797,2,3
4798,2,3
4799,1,1
4800,2,2
4801,2,3
4802,1,1
4803,2,2
4804,1,1
4805,0,1
4806,1,1
4807,1,1
4808,1,2
4809,1,2
4810,1,1
4811,1,1
4812,1,2
4813,1,2
4814,2,2
4815,1,2
4816,1,2
4817,1,1
4818,1,3
4819,2,2
4820,1,1
4821,2,2
4822,1,1
4823,1,1
4824,3,3
4825,2,2
4826,1,2
4827,2,3
4828,1,2
4829,2,3
4830,2,3
4831,1,1
4832,2,3
4833,1,2
4834,2,2
4835,3,4
4836,2,2
4837,1,1
4838,1,2
4839,1,2
4840,1,1
4841,1,1
4842,2,2
4843,1,1
4844,2,2
4845,1,1
4846,2,2
4847,2,3
4848,2,2
4849,0,1
4850,1,1
4851,1,3
4852,1,1
4853,2,3
4854,1,1
4855,1,1
4856,1,2
4857,2,2
4858,2,2
4859,2,3
4860,2,3
4861,1,2
4862,1,2
4863,2,2
4864,1,2
4865,1,1
4866,2,3
4867,1,1
4868,2,2
4869,1,1
4870,1,2
4871,2,2
4872,2,2
4873,1,1
4874,1,1
4875,1,1
4876,2,2
4877,2,2
4878,1,2
4879,3,3
4880,2,2
4881,1,2
4882,1,1
4883,2,3
4884,2,2
4885,1,1
4886,1,1
4887,1,1
4888,2,2
4889,1,1
4890,2,2
4891,1,1
4892,1,1
4893,1,1
4894,0,1
4895,1,1
4896,1,2
4897,1,2
4898,2,3
4899,2,2
4900,2,3
4901,1,2
4902,1,1
4903,1,1
4904,1,2
4905,1,1
4906,0,0
4907,2,2
4908,1,1
4909,1,1
4910,1,1
4911,2,2
4912,1,2
4913,1,1
4914,1,1
4915,1,1
4916,1,1
4917,2,2
4918,1,3
4919,2,2
4920,1,1
4921,1,2
4922,0,0
4923,1,1
4924,2,3
4925,1,2
4926,2,3
4927,1,1
4928,1,2
4929,1,1
4930,1,2
4931,2,2
4932,2,2
4933,1,1
4934,2,3
4935,3,4
4936,2,2
4937,2,2
4938,1,1
4939,1,1
4940,2,2
4941,1,2
4942,1,1
4943,2,3
4944,2,2
4945,2,2
4946,0,0
4947,1,1
4948,1,1
4949,1,1
4950,2,3
4951,1,1
4952,2,3
4953,0,0
4954,2,2
4955,2,2
4956,1,2
4957,1,1
4958,1,2
4959,1,2
4960,2,2
4961,2,3
4962,2,2
4963,1,2
4964,1,1
4965,1,2
4966,1,2
4967,1,1
4968,2,2
4969,1,1
4970,1,2
4971,2,3
4972,1,1
4973,2,3
4974,1,1
4975,2,2
4976,1,3
4977,2,2
4978,2,2
4979,2,2
4980,2,3
4981,1,2
4982,0,1
4983,1,1
4984,1,1
4985,1,3
4986,1,1
4987,1,2
4988,1,1
4989,1,1
4990,1,2
4991,1,1
4992,2,2
4993,1,1
4994,1,1
4995,0,0
4996,3,4
4997,2,3
4998,3,3
4999,1,2
5000,0,1
5001,2,2
5002,2,2
5003,2,3
5004,3,3
5005,2,2
5006,1,1
5007,2,2
5008,1,2
5009,0,1
5010,1,2
5011,1,1
5012,2,3
5013,3,3
5014,1,2
5015,1,1
5016,2,2
5017,3,3
5018,1,1
5019,1,1
5020,0,1
5021,1,2
5022,2,2
5023,2,3
5024,2,2
5025,2,3
5026,1,2
5027,1,1
5028,1,1
5029,1,1
5030,2,3
5031,3,4
5032,2,2
5033,2,2
5034,1,1
5035,3,4
5036,2,3
5037,3,3
5038,3,3
5039,1,2
5040,2,2
5041,2,2
5042,1,1
5043,0,1
5044,1,2
5045,0,1
5046,1,2
5047,3,4
5048,2,3
5049,2,2
5050,2,3
5051,2,2
5052,2,2
5053,2,3
5054,2,3
5055,0,1
5056,1,2
5057,2,2
5058,1,2
5059,1,2
5060,3,3
5061,3,3
5062,1,2
5063,3,3
5064,2,3
5065,1,2
5066,0,1
5067,2,2
5068,2,2
5069,3,4
5070,1,1
5071,1,2
5072,2,3
5073,2,2
5074,1,2
5075,1,2
5076,2,2
5077,2,2
5078,1,2
5079,2,3
5080,1,1
5081,1,2
5082,1,1
5083,3,3
5084,1,1
5085,1,2
5086,1,2
5087,3,3
5088,2,2
5089,1,1
5090,2,2
5091,3,3
5092,2,3
5093,1,2
5094,1,1
5095,1,2
5096,2,3
5097,1,2
5098,1,2
5099,0,1
5100,3,3
5101,2,2
5102,1,2
5103,2,2
5104,0,1
5105,3,3
5106,1,2
5107,2,2
5108,2,2
5109,1,1
5110,2,3
5111,1,1
5112,2,3
5113,3,3
5114,1,1
5115,2,2
5116,2,2
5117,2,2
5118,3,3
5119,1,1
5120,2,2
5121,2,2
5122,0,1
5123,2,2
5124,1,2
5125,2,2
5126,0,1
5127,3,3
5128,1,1
5129,1,1
5130,1,1
5131,2,3
5132,2,2
5133,0,1
5134,0,1
5135,2,2
5136,3,3
5137,1,1
5138,1,2
5139,2,2
5140,1,1
5141,1,1
5142,2,2
5143,2,2
5144,1,1
5145,3,3
5146,0,1
5147,3,3
5148,2,2
5149,1,1
5150,0,0
5151,1,1
5152,2,2
5153,0,0
5154,2,2
5155,2,3
5156,2,2
5157,3,4
5158,2,3
5159,0,1
5160,3,3
5161,1,1
5162,2,2
5163,2,2
5164,0,1
5165,1,1
5166,1,1
5167,2,3
5168,2,2
5169,3,3
5170,2,2
5171,1,1
5172,3,3
5173,1,2
5174,1,2
5175,1,2
5176,2,2
5177,3,3
5178,3,3
5179,2,2
5180,1,2
5181,3,4
5182,1,1
5183,3,3
5184,2,2
5185,3,3
5186,2,2
5187,2,2
5188,0,0
5189,1,2
5190,3,3
5191,1,1
5192,1,1
5193,2,2
5194,0,0
5195,1,1
5196,1,1
5197,0,1
5198,1,1
5199,1,1
5200,2,2
5201,2,2
5202,1,1
5203,1,1
5204,1,1
5205,3,3
5206,1,1
5207,1,2
5208,1,2
5209,1,2
5210,2,2
5211,2,3
5212,1,2
5213,1,1
5214,2,2
5215,1,2
5216,1,2
5217,2,2
5218,1,1
5219,1,2
5220,0,0
5221,2,3
5222,1,1
5223,3,3
5224,1,1
5225,2,2
5226,2,2
5227,1,2
5228,2,2
5229,1,1
5230,3,3
5231,3,3
5232,1,1
5233,0,1
5234,1,2
5235,1,1
5236,3,3
5237,2,2
5238,2,2
5239,0,1
5240,0,1
5241,3,3
5242,2,3
5243,3,3
5244,1,1
5245,3,3
5246,1,1
5247,1,1
5248,1,1
5249,0,0
5250,2,2
5251,3,3
5252,1,2
5253,2,3
5254,0,1
5255,1,2
5256,2,2
5257,2,3
5258,2,2
5259,1,2
5260,1,2
5261,3,3
5262,1,2
5263,0,1
5264,3,4
5265,1,1
5266,3,3
5267,2,3
5268,2,2
5269,0,1
5270,2,2
5271,1,2
5272,1,2
5273,1,2
5274,1,1
5275,0,1
5276,2,2
5277,3,3
5278,1,2
5279,0,1
5280,0,1
5281,2,3
5282,1,2
5283,1,2
5284,1,2
5285,1,1
5286,1,2
5287,1,1
5288,1,2
5289,1,2
5290,3,3
5291,1,1
5292,3,3
5293,1,2
5294,1,2
5295,2,3
5296,2,3
5297,1,2
5298,1,2
5299,0,1
5300,1,1
5301,1,2
5302,1,2
5303,2,2
5304,2,2
5305,2,2
5306,1,2
5307,1,2
5308,2,2
5309,3,3
5310,1,1
5311,1,1
5312,2,2
5313,1,2
5314,2,2
5315,1,1
5316,1,2
5317,2,3
5318,2,3
5319,3,3
5320,1,2
5321,2,3
5322,1,1
5323,1,2
5324,3,3
5325,0,1
5326,0,1
5327,0,1
5328,3,3
5329,0,1
5330,3,3
5331,2,3
5332,2,2
5333,3,3
5334,2,2
5335,1,1
5336,0,1
5337,2,3
5338,1,2
5339,2,2
5340,1,2
5341,2,2
5342,2,2
5343,1,1
5344,3,3
5345,1,1
5346,2,2
5347,1,2
5348,2,2
5349,2,2
5350,1,2
5351,1,1
5352,3,3
5353,1,2
5354,1,2
5355,1,1
5356,1,1
5357,2,2
5358,3,3
5359,1,2
5360,1,1
5361,0,1
5362,2,2
5363,2,2
5364,1,2
5365,3,3
5366,1,2
5367,3,3
5368,3,3
5369,1,2
5370,1,1
5371,1,1
5372,1,1
5373,3,3
5374,1,2
5375,3,3
5376,1,2
5377,1,2
5378,0,1
5379,1,2
5380,1,2
5381,0,1
5382,0,1
5383,2,2
5384,2,2
5385,2,2
5386,1,1
5387,2,3
5388,0,1
5389,1,2
5390,1,2
5391,2,2
5392,0,1
5393,2,2
5394,3,3
5395,3,3
5396,0,0
5397,0,1
5398,0,1
5399,2,2
5400,3,3
5401,2,2
5402,2,2
5403,2,3
5404,2,2
5405,2,2
5406,2,2
5407,2,2
5408,3,3
5409,0,1
5410,0,1
5411,1,1
5412,0,1
5413,0,1
5414,1,1
5415,1,1
5416,2,2
5417,1,1
5418,3,3
5419,1,1
5420,2,2
5421,3,4
5422,3,3
5423,0,1
5424,2,2
5425,1,2
5426,0,1
5427,1,1
5428,1,2
5429,0,1
5430,3,3
5431,1,1
5432,2,3
5433,2,2
5434,3,3
5435,2,2
5436,1,2
5437,1,2
5438,3,3
5439,1,2
5440,0,1
5441,2,2
5442,4,4
5443,0,1
5444,0,1
5445,2,2
5446,0,1
5447,2,2
5448,1,1
5449,0,0
5450,1,1
5451,1,1
5452,2,2
5453,2,2
5454,2,2
5455,2,3
5456,1,2
5457,1,2
5458,1,2
5459,1,2
5460,2,2
5461,3,3
5462,1,2
5463,2,3
5464,0,1
5465,0,1
5466,2,2
5467,3,3
5468,3,3
5469,2,2
5470,4,4
5471,3,3
5472,0,1
5473,0,1
5474,2,2
5475,1,2
5476,1,1
5477,3,3
5478,1,2
5479,2,3
5480,2,2
5481,1,2
5482,1,2
5483,3,3
5484,2,2
5485,2,2
5486,2,2
5487,2,3
5488,1,1
5489,1,1
5490,1,1
5491,1,1
5492,2,2
5493,1,2
5494,2,3
5495,1,1
5496,2,2
5497,2,3
5498,2,3
5499,2,2
5500,2,3
5501,3,3
5502,1,2
5503,1,2
5504,0,1
5505,1,2
5506,1,2
5507,1,2
5508,1,2
5509,2,2
5510,0,1
5511,1,2
5512,1,2
5513,2,2
5514,1,2
5515,2,3
5516,1,2
5517,0,1
5518,0,1
5519,3,3
5520,1,1
5521,3,3
5522,1,1
5523,2,3
5524,3,3
5525,2,3
5526,2,2
5527,1,2
5528,1,2
5529,3,3
5530,2,2
5531,2,2
5532,3,3
5533,2,3
5534,2,3
5535,2,2
5536,0,1
5537,2,2
5538,3,3
5539,1,2
5540,2,2
5541,1,1
5542,2,2
5543,3,3
5544,2,2
5545,3,3
5546,2,2
5547,1,1
5548,2,2
5549,1,2
5550,0,1
5551,2,3
5552,0,1
5553,2,2
5554,2,2
5555,1,1
5556,1,1
5557,1,2
5558,1,2
5559,0,1
5560,1,2
5561,2,3
5562,1,1
5563,3,3
5564,2,2
5565,1,2
5566,2,2
5567,0,1
5568,1,2
5569,1,2
5570,1,1
5571,2,2
5572,0,0
5573,1,2
5574,1,2
5575,1,1
5576,2,2
5577,3,3
5578,2,3
5579,1,1
5580,0,1
5581,1,2
5582,2,3
5583,2,2
5584,2,2
5585,2,2
5586,1,2
5587,1,1
5588,1,2
5589,2,2
5590,2,2
5591,1,1
5592,2,2
5593,1,2
5594,2,3
5595,2,2
5596,2,3
5597,1,2
5598,1,2
5599,3,3
5600,2,2
5601,1,2
5602,1,2
5603,1,2
5604,2,3
5605,1,2
5606,1,2
5607,0,1
5608,0,1
5609,1,1
5610,1,2
5611,2,2
5612,1,2
5613,3,3
5614,2,2
5615,2,3
5616,2,3
5617,2,2
5618,2,2
5619,2,2
5620,2,3
5621,2,2
5622,3,3
5623,2,3
5624,0,1
5625,2,2
5626,2,3
5627,2,2
5628,0,1
5629,3,3
5630,1,2
5631,0,1
5632,2,2
5633,1,2
5634,2,2
5635,1,1
5636,0,1
5637,1,2
5638,2,3
5639,2,2
5640,1,1
5641,2,2
5642,1,1
5643,1,1
5644,1,2
5645,1,2
5646,2,2
5647,2,3
5648,1,2
5649,2,2
5650,1,2
5651,1,2
5652,1,2
5653,2,2
5654,1,2
5655,1,2
5656,1,1
5657,2,2
5658,2,2
5659,1,2
5660,3,3
5661,1,2
5662,2,2
5663,1,2
5664,1,1
5665,2,2
5666,3,3
5667,2,2
5668,0,1
5669,0,1
5670,2,3
5671,0,0
5672,2,3
5673,0,1
5674,1,1
5675,2,2
5676,1,2
5677,3,3
5678,2,3
5679,1,2
5680,1,2
5681,0,1
5682,1,2
5683,3,3
5684,0,1
5685,3,3
5686,1,2
5687,2,2
5688,1,2
5689,1,1
5690,0,0
5691,1,1
5692,2,3
5693,1,2
5694,1,2
5695,1,1
5696,1,2
5697,1,1
5698,2,2
5699,1,2
5700,2,3
5701,3,3
5702,1,2
5703,4,4
5704,1,1
5705,1,1
5706,2,3
5707,1,1
5708,1,2
5709,2,3
5710,1,2
5711,2,3
5712,1,2
5713,3,4
5714,1,2
5715,1,2
5716,2,3
5717,1,2
5718,3,3
5719,3,3
5720,3,3
5721,0,1
5722,1,2
5723,1,2
5724,1,1
5725,2,3
5726,2,2
5727,1,2
5728,0,1
5729,1,1
5730,1,1
5731,1,2
5732,0,1
5733,1,1
5734,1,2
5735,2,2
5736,2,3
5737,2,2
5738,3,3
5739,1,1
5740,2,2
5741,0,1
5742,2,2
5743,1,2
5744,2,3
5745,1,2
5746,1,2
5747,2,2
5748,1,2
5749,2,2
5750,1,2
5751,3,3
5752,1,2
5753,1,1
5754,3,3
5755,1,2
5756,1,2
5757,3,3
5758,0,1
5759,1,1
5760,1,2
5761,1,2
5762,1,2
5763,0,0
5764,2,2
5765,3,3
5766,3,3
5767,0,1
5768,2,2
5769,0,0
5770,2,3
5771,1,2
5772,2,3
5773,0,1
5774,0,1
5775,1,2
5776,4,4
5777,0,1
5778,2,2
5779,1,1
5780,1,1
5781,1,1
5782,0,1
5783,1,2
5784,1,2
5785,0,1
5786,0,1
5787,3,3
5788,1,2
5789,3,3
5790,1,2
5791,3,3
5792,1,2
5793,2,2
5794,2,2
5795,1,2
5796,1,1
5797,3,3
5798,2,2
5799,2,2
5800,1,2
5801,1,2
5802,1,1
5803,2,2
5804,1,1
5805,1,2
5806,0,1
5807,1,2
5808,0,1
5809,1,2
5810,1,1
5811,1,1
5812,2,3
5813,2,3
5814,2,2
5815,3,3
5816,2,2
5817,2,2
5818,1,2
5819,1,2
5820,1,1
5821,3,3
5822,2,3
5823,2,2
5824,2,2
5825,1,2
5826,2,2
5827,2,2
5828,2,2
5829,3,3
5830,3,3
5831,1,2
5832,1,2
5833,3,3
5834,0,0
5835,1,2
5836,3,3
5837,1,2
5838,1,2
5839,2,3
5840,2,2
5841,1,1
5842,2,3
5843,2,2
5844,1,1
5845,4,4
5846,2,2
5847,0,1
5848,2,2
5849,1,1
5850,1,2
5851,2,3
5852,1,1
5853,3,3
5854,1,2
5855,2,3
5856,0,1
5857,2,3
5858,2,2
5859,2,3
5860,0,1
5861,1,1
5862,2,2
5863,1,2
5864,1,1
5865,3,3
5866,2,3
5867,2,2
5868,2,2
5869,1,1
5870,1,1
5871,1,1
5872,0,0
5873,3,3
5874,0,1
5875,0,1
5876,0,1
5877,1,2
5878,1,2
5879,3,3
5880,1,1
5881,2,2
5882,2,2
5883,1,1
5884,1,1
5885,2,2
5886,1,1
5887,1,1
5888,1,1
5889,2,3
5890,2,3
5891,0,1
5892,1,2
5893,2,3
5894,3,3
5895,0,0
5896,3,3
5897,1,1
5898,2,2
5899,2,2
5900,3,3
5901,1,1
5902,1,2
5903,2,2
5904,3,3
5905,2,2
5906,1,1
5907,1,1
5908,1,2
5909,1,1
5910,2,2
5911,2,3
5912,2,2
5913,1,1
5914,3,3
5915,2,3
5916,1,2
5917,2,2
5918,0,1
5919,1,2
5920,1,2
5921,1,1
5922,2,2
5923,3,3
5924,2,2
5925,2,3
5926,2,2
5927,1,1
5928,0,1
5929,2,2
5930,1,1
5931,2,2
5932,4,4
5933,2,2
5934,1,1
5935,1,2
5936,2,2
5937,1,1
5938,2,3
5939,3,3
5940,2,2
5941,1,2
5942,3,3
5943,1,1
5944,0,1
5945,1,1
5946,1,1
5947,1,2
5948,1,2
5949,2,2
5950,1,1
5951,3,4
5952,1,2
5953,2,3
5954,1,2
5955,0,1
5956,0,0
5957,1,1
5958,2,2
5959,0,1
5960,2,2
5961,2,2
5962,0,1
5963,3,3
5964,1,2
5965,3,4
5966,1,2
5967,1,2
5968,0,0
5969,1,2
5970,2,2
5971,1,1
5972,2,2
5973,1,1
5974,1,1
5975,2,2
5976,3,3
5977,0,1
5978,1,1
5979,2,2
5980,3,3
5981,0,1
5982,3,3
5983,2,2
5984,1,2
5985,1,2
5986,2,3
5987,1,2
5988,2,2
5989,2,3
5990,1,2
5991,0,1
5992,0,1
5993,1,1
5994,0,1
5995,1,1
5996,2,2
5997,2,3
5998,2,2
5999,2,2
6000,1,2
6001,0,1
6002,0,2
6003,1,2
6004,0,1
6005,0,2
6006,0,1
6007,0,1
6008,0,1
6009,0,1
6010,0,1
6011,0,1
6012,0,1
6013,0,2
6014,0,2
6015,0,1
6016,0,1
6017,1,2
6018,0,2
6019,0,1
6020,0,1
6021,0,2
6022,0,2
6023,0,1
6024,1,2
6025,0,1
6026,0,1
6027,0,1
6028,1,2
6029,0,1
6030,0,2
6031,0,1
6032,0,1
6033,0,1
6034,1,2
6035,0,1
6036,0,2
6037,1,2
6038,1,2
6039,0,1
6040,1,2
6041,0,1
6042,0,2
6043,0,1
6044,1,2
6045,0,2
6046,1,2
6047,1,2
6048,0,2
6049,0,1
6050,0,1
6051,0,1
6052,0,1
6053,1,2
6054,0,1
6055,0,1
6056,1,2
6057,0,1
6058,0,1
6059,0,1
6060,0,1
6061,0,1
6062,0,1
6063,0,1
6064,0,1
6065,1,2
6066,0,1
6067,0,1
6068,0,1
6069,0,1
6070,1,2
6071,1,2
6072,0,1
6073,0,1
6074,0,1
6075,1,2
6076,1,2
6077,1,2
6078,0,1
6079,0,1
6080,0,1
6081,0,2
6082,0,1
6083,0,1
6084,0,2
6085,1,2
6086,0,1
6087,0,1
6088,0,1
6089,0,1
6090,0,1
6091,0,1
6092,0,1
6093,0,1
6094,0,1
6095,0,1
6096,0,2
6097,0,1
6098,0,1
6099,0,1
6100,0,1
6101,0,1
6102,0,1
6103,0,2
6104,0,1
6105,1,2
6106,0,1
6107,0,1
6108,0,1
6109,0,1
6110,0,2
6111,0,1
6112,0,1
6113,1,2
6114,0,2
6115,1,2
6116,0,1
6117,0,1
6118,1,2
6119,1,2
6120,1,2
6121,0,1
6122,0,1
6123,0,1
6124,0,1
6125,1,2
6126,1,2
6127,0,1
6128,0,2
6129,0,1
6130,0,1
6131,0,1
6132,0,1
6133,1,2
6134,0,2
6135,0,2
6136,0,1
6137,0,2
6138,1,2
6139,0,2
6140,0,2
6141,0,2
6142,1,2
6143,0,1
6144,1,2
6145,0,1
6146,1,2
6147,1,2
6148,0,1
6149,0,1
6150,0,1
6151,0,1
6152,0,1
6153,0,1
6154,1,2
6155,0,1
6156,0,1
6157,0,2
6158,0,2
6159,0,2
6160,0,1
6161,0,1
6162,0,1
6163,0,2
6164,0,1
6165,1,2
6166,1,2
6167,0,1
6168,0,1
6169,0,1
6170,1,2
6171,1,2
6172,0,1
6173,0,2
6174,1,2
6175,0,1
6176,1,2
6177,0,2
6178,0,2
6179,0,1
6180,0,1
6181,1,2
6182,0,1
6183,1,2
6184,0,2
6185,0,1
6186,0,1
6187,0,1
6188,0,2
6189,0,1
6190,1,2
6191,0,1
6192,0,1
6193,0,1
6194,0,1
6195,0,1
6196,1,2
6197,1,2
6198,0,1
6199,1,2
6200,1,2
6201,0,1
6202,1,2
6203,0,1
6204,0,1
6205,0,2
6206,0,1
6207,0,1
6208,0,1
6209,0,2
6210,0,2
6211,0,2
6212,0,2
6213,0,2
6214,0,2
6215,1,2
6216,0,1
6217,0,1
6218,1,2
6219,1,2
6220,0,1
6221,0,2
6222,0,1
6223,1,2
6224,0,1
6225,0,2
6226,0,2
6227,0,1
6228,1,2
6229,1,2
6230,0,1
6231,0,1
6232,1,2
6233,1,2
6234,0,1
6235,0,1
6236,0,2
6237,0,2
6238,0,2
6239,1,2
6240,0,1
6241,0,1
6242,1,2
6243,0,2
6244,0,1
6245,0,1
6246,1,2
6247,0,1
6248,0,1
6249,0,1
6250,1,2
6251,0,1
6252,0,2
6253,0,1
6254,0,2
6255,1,2
6256,0,1
6257,1,2
6258,0,2
6259,0,2
6260,0,1
6261,1,2
6262,0,1
6263,1,2
6264,0,2
6265,1,2
6266,1,3
6267,1,2
6268,0,1
6269,0,2
6270,0,1
6271,1,2
6272,0,1
6273,0,1
6274,0,1
6275,1,2
6276,0,1
6277,0,2
6278,0,2
6279,0,2
6280,0,2
6281,1,2
6282,0,1
6283,0,1
6284,1,2
6285,0,2
6286,0,1
6287,0,1
6288,0,1
6289,0,1
6290,0,1
6291,0,1
6292,0,1
6293,1,3
6294,0,2
6295,0,1
6296,0,1
6297,0,2
6298,0,2
6299,1,2
6300,0,1
6301,0,1
6302,0,1
6303,0,2
6304,1,2
6305,0,1
6306,0,2
6307,0,1
6308,0,1
6309,0,1
6310,0,1
6311,0,1
6312,0,2
6313,0,1
6314,0,1
6315,0,1
6316,0,2
6317,1,2
6318,0,1
6319,0,2
6320,0,1
6321,0,1
6322,0,1
6323,0,2
6324,0,1
6325,1,2
6326,0,1
6327,0,1
6328,0,1
6329,0,1
6330,1,2
6331,1,2
6332,1,3
6333,0,1
6334,1,3
6335,0,1
6336,1,2
6337,1,2
6338,1,2
6339,0,2
6340,1,2
6341,0,2
6342,0,1
6343,0,2
6344,0,2
6345,0,1
6346,1,2
6347,1,2
6348,1,2
6349,0,1
6350,1,2
6351,0,1
6352,1,2
6353,0,2
6354,0,2
6355,0,2
6356,0,1
6357,0,1
6358,0,1
6359,0,1
6360,0,2
6361,0,1
6362,1,2
6363,0,1
6364,0,1
6365,0,2
6366,1,2
6367,0,1
6368,1,2
6369,1,2
6370,0,2
6371,0,2
6372,0,1
6373,0,1
6374,0,1
6375,0,1
6376,0,2
6377,1,2
6378,0,1
6379,0,1
6380,0,1
6381,0,1
6382,0,2
6383,0,1
6384,0,1
6385,0,2
6386,0,2
6387,0,1
6388,0,1
6389,0,2
6390,0,1
6391,1,2
6392,1,2
6393,0,1
6394,0,1
6395,1,2
6396,0,1
6397,0,1
6398,1,2
6399,0,1
6400,1,2
6401,0,2
6402,0,2
6403,0,1
6404,1,2
6405,0,2
6406,0,2
6407,0,2
6408,1,2
6409,0,1
6410,0,2
6411,0,2
6412,0,2
6413,1,2
6414,1,2
6415,0,1
6416,1,2
6417,1,2
6418,0,1
6419,1,2
6420,0,1
6421,0,1
6422,0,1
6423,1,2
6424,1,2
6425,0,1
6426,1,2
6427,1,2
6428,0,1
6429,0,1
6430,0,2
6431,0,1
6432,0,2
6433,0,1
6434,1,2
6435,0,2
6436,0,1
6437,0,1
6438,0,1
6439,0,1
6440,0,1
6441,0,1
6442,0,1
6443,0,2
6444,0,1
6445,1,2
6446,0,1
6447,1,2
6448,0,2
6449,0,2
6450,0,1
6451,0,2
6452,0,1
6453,1,2
6454,0,1
6455,0,2
6456,1,2
6457,0,1
6458,0,1
6459,1,2
6460,0,2
6461,0,1
6462,0,1
6463,1,2
6464,1,2
6465,1,2
6466,1,2
6467,0,1
6468,0,2
6469,0,1
6470,0,1
6471,0,1
6472,0,2
6473,0,1
6474,0,1
6475,0,1
6476,1,2
6477,0,1
6478,0,1
6479,0,2
6480,0,2
6481,0,1
6482,0,1
6483,1,2
6484,1,2
6485,1,2
6486,0,2
6487,0,2
6488,0,1
6489,1,2
6490,0,1
6491,0,2
6492,0,1
6493,1,2
6494,0,2
6495,0,2
6496,0,2
6497,1,2
6498,0,2
6499,0,2
6500,0,1
6501,0,1
6502,0,1
6503,0,1
6504,0,1
6505,1,2
6506,0,2
6507,0,2
6508,0,1
6509,0,1
6510,1,2
6511,0,1
6512,0,1
6513,0,1
6514,0,2
6515,0,1
6516,0,1
6517,1,2
6518,1,2
6519,0,2
6520,0,1
6521,0,2
6522,0,1
6523,0,1
6524,0,1
6525,1,2
6526,0,2
6527,0,1
6528,0,1
6529,0,1
6530,0,1
6531,0,1
6532,0,1
6533,0,1
6534,0,1
6535,0,1
6536,0,1
6537,0,2
6538,1,2
6539,0,1
6540,0,1
6541,0,1
6542,0,1
6543,0,2
6544,1,2
6545,0,1
6546,0,1
6547,0,1
6548,0,2
6549,1,2
6550,0,1
6551,0,1
6552,0,1
6553,0,2
6554,0,2
6555,1,2
6556,0,1
6557,0,2
6558,0,1
6559,0,1
6560,0,2
6561,0,2
6562,0,1
6563,0,1
6564,0,2
6565,0,2
6566,0,1
6567,1,2
6568,1,2
6569,0,1
6570,0,1
6571,0,1
6572,0,2
6573,0,1
6574,0,1
6575,0,2
6576,0,1
6577,0,1
6578,0,1
6579,0,1
6580,0,2
6581,0,1
6582,0,1
6583,0,1
6584,0,2
6585,0,2
6586,0,1
6587,0,2
6588,1,2
6589,1,2
6590,0,2
6591,0,2
6592,0,1
6593,0,1
6594,1,2
6595,0,1
6596,0,1
6597,0,2
6598,0,1
6599,1,2
6600,1,2
6601,0,1
6602,1,2
6603,0,1
6604,0,1
6605,0,1
6606,1,2
6607,0,1
6608,0,1
6609,1,2
6610,0,2
6611,0,1
6612,0,1
6613,0,1
6614,0,1
6615,0,1
6616,1,2
6617,0,1
6618,0,1
6619,0,1
6620,0,1
6621,0,1
6622,0,2
6623,0,1
6624,0,1
6625,1,2
6626,1,2
6627,0,1
6628,1,2
6629,0,2
6630,0,1
6631,0,1
6632,0,2
6633,0,2
6634,0,1
6635,0,1
6636,0,1
6637,1,2
6638,0,2
6639,0,1
6640,0,1
6641,0,1
6642,0,2
6643,1,2
6644,0,2
6645,0,1
6646,1,2
6647,0,1
6648,0,1
6649,1,2
6650,0,1
6651,0,1
6652,0,2
6653,1,2
6654,0,2
6655,0,2
6656,1,2
6657,0,1
6658,0,1
6659,0,1
6660,0,1
6661,1,2
6662,0,2
6663,0,1
6664,0,2
6665,1,2
6666,0,1
6667,1,2
6668,0,1
6669,0,1
6670,1,2
6671,1,2
6672,0,2
6673,0,1
6674,0,2
6675,0,1
6676,0,2
6677,0,1
6678,0,1
6679,0,2
6680,0,2
6681,0,1
6682,0,1
6683,1,2
6684,1,2
6685,0,2
6686,0,2
6687,0,1
6688,0,1
6689,1,2
6690,1,2
6691,0,1
6692,0,1
6693,0,2
6694,0,1
6695,0,2
6696,0,1
6697,0,1
6698,0,1
6699,0,2
6700,0,1
6701,0,1
6702,0,2
6703,0,1
6704,1,2
6705,0,2
6706,0,1
6707,0,2
6708,0,1
6709,0,1
6710,0,2
6711,0,1
6712,0,1
6713,0,2
6714,0,2
6715,0,1
6716,0,1
6717,0,1
6718,0,1
6719,0,2
6720,0,1
6721,1,2
6722,0,1
6723,1,2
6724,0,1
6725,0,2
6726,0,1
6727,0,1
6728,1,2
6729,1,2
6730,0,1
6731,0,1
6732,0,2
6733,0,1
6734,0,1
6735,1,2
6736,0,1
6737,0,1
6738,1,2
6739,0,2
6740,0,2
6741,1,2
6742,0,2
6743,0,1
6744,0,1
6745,1,2
6746,1,2
6747,1,2
6748,1,2
6749,0,1
6750,1,2
6751,0,1
6752,0,2
6753,0,1
6754,1,2
6755,0,2
6756,0,1
6757,0,1
6758,1,2
6759,0,1
6760,1,2
6761,0,1
6762,0,1
6763,0,2
6764,0,1
6765,1,2
6766,0,2
6767,0,1
6768,1,2
6769,0,2
6770,0,1
6771,0,1
6772,0,1
6773,0,1
6774,0,1
6775,1,2
6776,1,2
6777,0,2
6778,1,2
6779,0,1
6780,1,2
6781,0,1
6782,1,2
6783,0,2
6784,0,1
6785,0,2
6786,0,1
6787,0,2
6788,0,1
6789,0,2
6790,0,1
6791,0,1
6792,1,2
6793,0,1
6794,1,2
6795,0,1
6796,0,2
6797,0,1
6798,0,1
6799,0,2
6800,1,2
6801,0,1
6802,0,2
6803,0,2
6804,1,2
6805,1,2
6806,0,1
6807,1,2
6808,0,1
6809,0,1
6810,0,1
6811,0,1
6812,0,1
6813,0,1
6814,1,2
6815,0,1
6816,0,2
6817,0,2
6818,0,2
6819,0,1
6820,1,2
6821,1,2
6822,0,1
6823,0,1
6824,1,2
6825,0,2
6826,0,1
6827,1,2
6828,1,2
6829,1,2
6830,0,1
6831,1,2
6832,0,1
6833,0,2
6834,0,1
6835,0,2
6836,0,1
6837,1,2
6838,0,1
6839,1,2
6840,0,1
6841,1,2
6842,0,1
6843,0,2
6844,0,1
6845,0,1
6846,0,1
6847,0,1
6848,1,2
6849,0,1
6850,0,1
6851,0,1
6852,0,1
6853,1,2
6854,0,2
6855,0,2
6856,1,2
6857,0,1
6858,1,2
6859,1,2
6860,1,2
6861,0,2
6862,0,1
6863,0,1
6864,0,1
6865,0,2
6866,0,1
6867,0,1
6868,0,1
6869,0,2
6870,1,2
6871,0,2
6872,1,2
6873,0,1
6874,0,1
6875,0,1
6876,0,1
6877,0,2
6878,1,2
6879,0,2
6880,0,2
6881,0,2
6882,0,1
6883,0,1
6884,0,1
6885,0,1
6886,0,2
6887,1,2
6888,0,1
6889,0,1
6890,0,1
6891,0,1
6892,0,1
6893,0,1
6894,0,1
6895,1,2
6896,0,1
6897,0,2
6898,1,2
6899,1,2
6900,0,2
6901,0,1
6902,1,2
6903,0,1
6904,0,1
6905,0,2
6906,0,2
6907,0,1
6908,0,2
6909,0,1
6910,0,2
6911,0,1
6912,0,1
6913,0,2
6914,0,1
6915,1,2
6916,0,1
6917,0,1
6918,0,2
6919,0,2
6920,0,1
6921,0,1
6922,0,1
6923,0,1
6924,0,1
6925,1,2
6926,1,2
6927,0,1
6928,0,1
6929,0,2
6930,0,1
6931,1,2
6932,0,1
6933,0,1
6934,0,1
6935,0,1
6936,0,1
6937,0,2
6938,0,2
6939,0,1
6940,0,1
6941,0,1
6942,0,1
6943,0,1
6944,0,1
6945,0,1
6946,1,2
6947,0,1
6948,0,1
6949,0,1
6950,1,2
6951,0,1
6952,1,2
6953,0,2
6954,0,1
6955,0,1
6956,0,1
6957,0,1
6958,1,2
6959,1,2
6960,0,1
6961,0,1
6962,1,2
6963,0,1
6964,0,2
6965,0,1
6966,0,2
6967,0,1
6968,0,1
6969,1,2
6970,0,1
6971,0,1
6972,0,2
6973,1,2
6974,0,1
6975,1,2
6976,0,1
6977,1,2
6978,0,1
6979,0,1
6980,0,2
6981,0,2
6982,0,1
6983,0,1
6984,0,2
6985,1,2
6986,1,2
6987,1,2
6988,0,1
6989,0,2
6990,0,1
6991,1,2
6992,0,1
6993,0,2
6994,0,1
6995,0,2
6996,0,1
6997,0,1
6998,0,1
6999,0,1
7000,0,1
7001,0,1
7002,0,1
7003,0,1
7004,0,1
7005,0,1
7006,0,1
7007,0,1
7008,0,1
7009,0,1
7010,0,1
7011,0,1
7012,0,1
7013,0,1
7014,0,0
7015,0,1
7016,0,1
7017,0,1
7018,0,1
7019,0,1
7020,0,1
7021,0,1
7022,0,0
7023,0,1
7024,0,1
7025,0,1
7026,0,1
7027,0,1
7028,0,1
7029,0,1
7030,0,1
7031,0,1
7032,0,1
7033,0,1
7034,0,1
7035,0,1
7036,0,1
7037,0,1
7038,0,1
7039,0,1
7040,0,1
7041,0,1
7042,0,1
7043,0,1
7044,0,1
7045,0,0
7046,0,1
7047,0,1
7048,0,1
7049,0,1
7050,0,1
7051,0,1
7052,0,1
7053,0,1
7054,0,1
7055,0,0
7056,0,1
7057,0,1
7058,0,1
7059,0,1
7060,0,1
7061,0,1
7062,0,0
7063,0,1
7064,0,1
7065,0,1
7066,0,1
7067,0,1
7068,0,1
7069,0,0
7070,0,1
7071,0,1
7072,0,1
7073,0,1
7074,0,1
7075,0,1
7076,0,1
7077,0,1
7078,0,1
7079,0,1
7080,0,1
7081,0,1
7082,0,1
7083,0,1
7084,0,1
7085,0,1
7086,0,1
7087,0,1
7088,0,0
7089,0,1
7090,0,1
7091,0,0
7092,0,0
7093,0,1
7094,0,1
7095,0,1
7096,0,1
7097,0,1
7098,0,1
7099,0,1
7100,0,1
7101,0,1
7102,0,0
7103,0,1
7104,0,0
7105,0,1
7106,0,1
7107,0,1
7108,0,1
7109,0,1
7110,0,1
7111,0,1
7112,0,1
7113,0,1
7114,0,1
7115,0,1
7116,0,1
7117,0,1
7118,0,0
7119,0,1
7120,0,1
7121,0,1
7122,0,1
7123,0,1
7124,0,0
7125,0,1
7126,0,1
7127,0,1
7128,0,1
7129,0,1
7130,0,1
7131,0,0
7132,0,0
7133,0,1
7134,0,1
7135,0,1
7136,0,1
7137,0,1
7138,0,1
7139,0,1
7140,0,1
7141,0,1
7142,0,1
7143,0,1
7144,0,1
7145,0,1
7146,0,1
7147,0,1
7148,0,1
7149,0,0
7150,0,1
7151,0,1
7152,0,1
7153,0,1
7154,0,1
7155,0,1
7156,0,1
7157,0,1
7158,0,1
7159,0,0
7160,0,1
7161,0,1
7162,0,1
7163,0,1
7164,0,1
7165,0,0
7166,0,1
7167,0,1
7168,0,1
7169,0,1
7170,0,1
7171,0,1
7172,0,1
7173,0,1
7174,0,1
7175,0,0
7176,0,1
7177,0,1
7178,0,1
7179,0,1
7180,0,1
7181,0,0
7182,0,1
7183,0,1
7184,0,1
7185,0,1
7186,0,1
7187,0,1
7188,0,1
7189,0,1
7190,0,1
7191,0,0
7192,0,1
7193,0,1
7194,0,1
7195,0,1
7196,0,1
7197,0,1
7198,0,1
7199,0,1
7200,0,1
7201,0,1
7202,0,1
7203,0,1
7204,0,1
7205,0,0
7206,0,1
7207,0,1
7208,0,1
7209,0,1
7210,0,1
7211,0,1
7212,0,1
7213,0,1
7214,0,1
7215,0,1
7216,0,1
7217,0,1
7218,0,1
7219,0,0
7220,0,1
7221,0,1
7222,0,1
7223,0,1
7224,0,0
7225,0,1
7226,0,1
7227,0,0
7228,0,1
7229,0,1
7230,0,1
7231,0,1
7232,0,1
7233,0,1
7234,0,1
7235,0,1
7236,0,1
7237,0,1
7238,0,1
7239,0,1
7240,0,1
7241,0,1
7242,0,1
7243,0,1
7244,0,0
7245,0,1
7246,0,1
7247,0,1
7248,0,1
7249,0,1
7250,0,1
7251,0,1
7252,0,1
7253,0,1
7254,0,1
7255,0,1
7256,0,1
7257,0,1
7258,0,1
7259,0,1
7260,0,1
7261,0,1
7262,0,1
7263,0,1
7264,0,1
7265,0,0
7266,0,1
7267,0,1
7268,0,1
7269,0,1
7270,0,1
7271,0,1
7272,0,1
7273,0,1
7274,0,1
7275,0,1
7276,0,1
7277,0,1
7278,0,1
7279,0,1
7280,0,1
7281,0,1
7282,0,1
7283,0,1
7284,0,1
7285,0,1
7286,0,1
7287,0,1
7288,0,1
7289,0,1
7290,0,1
7291,0,1
7292,0,1
7293,0,0
7294,0,1
7295,0,1
7296,0,1
7297,0,1
7298,0,0
7299,0,1
7300,0,1
7301,0,1
7302,0,1
7303,0,1
7304,0,1
7305,0,1
7306,0,1
7307,0,1
7308,0,1
7309,0,1
7310,0,1
7311,0,1
7312,0,1
7313,0,1
7314,0,1
7315,0,1
7316,0,0
7317,0,1
7318,0,1
7319,0,1
7320,0,1
7321,0,1
7322,0,1
7323,0,1
7324,0,1
7325,0,1
7326,0,1
7327,0,1
7328,0,1
7329,0,1
7330,0,1
7331,0,1
7332,0,1
7333,0,1
7334,0,1
7335,0,1
7336,0,1
7337,0,1
7338,0,1
7339,0,1
7340,0,1
7341,0,1
7342,0,1
7343,0,1
7344,0,1
7345,0,1
7346,0,0
7347,0,1
7348,0,0
7349,0,0
7350,0,1
7351,0,1
7352,0,1
7353,0,1
7354,0,1
7355,0,1
7356,0,1
7357,0,1
7358,0,0
7359,0,1
7360,0,1
7361,0,1
7362,0,1
7363,0,1
7364,0,1
7365,0,1
7366,0,1
7367,0,1
7368,0,0
7369,0,0
7370,0,1
7371,0,0
7372,0,1
7373,0,1
7374,0,1
7375,0,1
7376,0,1
7377,0,1
7378,0,1
7379,0,1
7380,0,1
7381,0,1
7382,0,1
7383,0,1
7384,0,1
7385,0,1
7386,0,1
7387,0,0
7388,0,1
7389,0,1
7390,0,0
7391,0,1
7392,0,1
7393,0,1
7394,0,1
7395,0,1
7396,0,1
7397,0,1
7398,0,1
7399,0,1
7400,0,1
7401,0,1
7402,0,1
7403,0,1
7404,0,1
7405,0,1
7406,0,1
7407,0,1
7408,0,1
7409,0,1
7410,0,0
7411,0,1
7412,0,1
7413,0,1
7414,0,1
7415,0,1
7416,0,1
7417,0,1
7418,0,1
7419,0,1
7420,0,1
7421,0,1
7422,0,1
7423,0,1
7424,0,1
7425,0,1
7426,0,1
7427,0,0
7428,0,1
7429,0,1
7430,0,1
7431,0,1
7432,0,1
7433,0,1
7434,0,1
7435,0,1
7436,0,1
7437,0,1
7438,0,1
7439,0,1
7440,0,1
7441,0,0
7442,0,1
7443,0,1
7444,0,1
7445,0,1
7446,0,1
7447,0,1
7448,0,1
7449,0,1
7450,0,1
7451,0,1
7452,0,1
7453,0,1
7454,0,0
7455,0,1
7456,0,1
7457,0,1
7458,0,1
7459,0,1
7460,0,1
7461,0,1
7462,0,1
7463,0,1
7464,0,1
7465,0,1
7466,0,1
7467,0,1
7468,0,1
7469,0,1
7470,0,1
7471,0,0
7472,0,1
7473,0,0
7474,0,1
7475,0,1
7476,0,1
7477,0,1
7478,0,1
7479,0,1
7480,0,1
7481,0,1
7482,0,1
7483,0,1
7484,0,1
7485,0,1
7486,0,1
7487,0,1
7488,0,1
7489,0,1
7490,0,1
7491,0,1
7492,0,1
7493,0,1
7494,0,0
7495,0,1
7496,0,1
7497,0,1
7498,0,0
7499,0,1
7500,0,1
7501,0,1
7502,0,1
7503,0,1
7504,0,1
7505,0,1
7506,0,1
7507,0,1
7508,0,1
7509,0,1
7510,0,1
7511,0,0
7512,0,1
7513,0,1
7514,0,1
7515,0,1
7516,0,1
7517,0,1
7518,0,1
7519,0,1
7520,0,1
7521,0,1
7522,0,0
7523,0,1
7524,0,1
7525,0,1
7526,0,0
7527,0,1
7528,0,0
7529,0,1
7530,0,1
7531,0,1
7532,0,1
7533,0,1
7534,0,1
7535,0,1
7536,0,1
7537,0,1
7538,0,1
7539,0,1
7540,0,1
7541,0,1
7542,0,1
7543,0,1
7544,0,1
7545,0,1
7546,0,1
7547,0,1
7548,0,1
7549,0,1
7550,0,1
7551,0,1
7552,0,1
7553,0,1
7554,0,1
7555,0,1
7556,0,1
7557,0,1
7558,0,1
7559,0,0
7560,0,1
7561,0,1
7562,0,1
7563,0,1
7564,0,1
7565,0,1
7566,0,1
7567,0,1
7568,0,1
7569,0,1
7570,0,1
7571,0,1
7572,0,1
7573,0,1
7574,0,1
7575,0,1
7576,0,1
7577,0,1
7578,0,1
7579,0,1
7580,0,1
7581,0,1
7582,0,1
7583,0,1
7584,0,1
7585,0,1
7586,0,1
7587,0,1
7588,0,1
7589,0,1
7590,0,1
7591,0,1
7592,0,1
7593,0,1
7594,0,1
7595,0,1
7596,0,1
7597,0,1
7598,0,0
7599,0,0
7600,0,1
7601,0,0
7602,0,1
7603,0,1
7604,0,1
7605,0,1
7606,0,1
7607,0,1
7608,0,1
7609,0,0
7610,0,1
7611,0,1
7612,0,1
7613,0,1
7614,0,1
7615,0,1
7616,0,1
7617,0,1
7618,0,0
7619,0,1
7620,0,1
7621,0,1
7622,0,1
7623,0,1
7624,0,0
7625,0,1
7626,0,1
7627,0,1
7628,0,1
7629,0,1
7630,0,1
7631,0,0
7632,0,1
7633,0,1
7634,0,1
7635,0,1
7636,0,1
7637,0,1
7638,0,1
7639,0,1
7640,0,1
7641,0,1
7642,0,1
7643,0,1
7644,0,1
7645,0,1
7646,0,1
7647,0,1
7648,0,1
7649,0,1
7650,0,1
7651,0,1
7652,0,1
7653,0,1
7654,0,1
7655,0,1
7656,0,1
7657,0,1
7658,0,1
7659,0,1
7660,0,1
7661,0,1
7662,0,1
7663,0,1
7664,0,1
7665,0,1
7666,0,1
7667,0,0
7668,0,1
7669,0,1
7670,0,1
7671,0,1
7672,0,1
7673,0,1
7674,0,0
7675,0,1
7676,0,1
7677,0,1
7678,0,1
7679,0,1
7680,0,1
7681,0,1
7682,0,1
7683,0,1
7684,0,1
7685,0,1
7686,0,1
7687,0,1
7688,0,1
7689,0,1
7690,0,1
7691,0,1
7692,0,1
7693,0,1
7694,0,1
7695,0,1
7696,0,1
7697,0,1
7698,0,1
7699,0,1
7700,0,1
7701,0,0
7702,0,1
7703,0,1
7704,0,1
7705,0,1
7706,0,1
7707,0,1
7708,0,1
7709,0,1
7710,0,1
7711,0,1
7712,0,1
7713,0,1
7714,0,1
7715,0,0
7716,0,1
7717,0,1
7718,0,0
7719,0,1
7720,0,1
7721,0,1
7722,0,0
7723,0,1
7724,0,1
7725,0,1
7726,0,1
7727,0,0
7728,0,1
7729,0,1
7730,0,0
7731,0,1
7732,0,1
7733,0,1
7734,0,1
7735,0,1
7736,0,1
7737,0,1
7738,0,1
7739,0,1
7740,0,1
7741,0,1
7742,0,1
7743,0,1
7744,0,1
7745,0,1
7746,0,1
7747,0,1
7748,0,1
7749,0,1
7750,0,0
7751,0,1
7752,0,1
7753,0,1
7754,0,1
7755,0,1
7756,0,1
7757,0,1
7758,0,1
7759,0,1
7760,0,1
7761,0,1
7762,0,1
7763,0,1
7764,0,0
7765,0,1
7766,0,1
7767,0,1
7768,0,1
7769,0,1
7770,0,1
7771,0,1
7772,0,1
7773,0,1
7774,0,1
7775,0,1
7776,0,1
7777,0,1
7778,0,1
7779,0,1
7780,0,1
7781,0,1
7782,0,1
7783,0,1
7784,0,1
7785,0,0
7786,0,1
7787,0,1
7788,0,1
7789,0,1
7790,0,1
7791,0,1
7792,0,1
7793,0,1
7794,0,1
7795,0,1
7796,0,1
7797,0,1
7798,0,1
7799,0,1
7800,0,1
7801,0,1
7802,0,1
7803,0,1
7804,0,1
7805,0,1
7806,0,1
7807,0,1
7808,0,0
7809,0,1
7810,0,1
7811,0,1
7812,0,1
7813,0,1
7814,0,1
7815,0,1
7816,0,1
7817,0,0
7818,0,1
7819,0,1
7820,0,1
7821,0,1
7822,0,1
7823,0,1
7824,0,1
7825,0,0
7826,0,1
7827,0,1
7828,0,1
7829,0,1
7830,0,1
7831,0,1
7832,0,1
7833,0,1
7834,0,1
7835,0,0
7836,0,1
7837,0,1
7838,0,1
7839,0,1
7840,0,1
7841,0,1
7842,0,1
7843,0,1
7844,0,1
7845,0,1
7846,0,1
7847,0,1
7848,0,1
7849,0,1
7850,0,1
7851,0,1
7852,0,1
7853,0,1
7854,0,1
7855,0,1
7856,0,1
7857,0,1
7858,0,0
7859,0,1
7860,0,1
7861,0,1
7862,0,1
7863,0,1
7864,0,1
7865,0,1
7866,0,1
7867,0,1
7868,0,1
7869,0,1
7870,0,1
7871,0,1
7872,0,1
7873,0,1
7874,0,1
7875,0,1
7876,0,1
7877,0,1
7878,0,0
7879,0,1
7880,0,1
7881,0,1
7882,0,0
7883,0,1
7884,0,0
7885,0,1
7886,0,1
7887,0,1
7888,0,1
7889,0,1
7890,0,0
7891,0,1
7892,0,1
7893,0,1
7894,0,1
7895,0,1
7896,0,1
7897,0,1
7898,0,1
7899,0,1
7900,0,1
7901,0,1
7902,0,1
7903,0,1
7904,0,1
7905,0,1
7906,0,1
7907,0,1
7908,0,1
7909,0,1
7910,0,0
7911,0,1
7912,0,1
7913,0,1
7914,0,1
7915,0,1
7916,0,1
7917,0,1
7918,0,1
7919,0,1
7920,0,1
7921,0,1
7922,0,1
7923,0,1
7924,0,1
7925,0,1
7926,0,1
7927,0,1
7928,0,1
7929,0,1
7930,0,1
7931,0,0
7932,0,1
7933,0,1
7934,0,1
7935,0,1
7936,0,1
7937,0,1
7938,0,1
7939,0,1
7940,0,1
7941,0,1
7942,0,1
7943,0,0
7944,0,1
7945,0,0
7946,0,1
7947,0,1
7948,0,1
7949,0,1
7950,0,1
7951,0,1
7952,0,1
7953,0,1
7954,0,1
7955,0,1
7956,0,1
7957,0,1
7958,0,1
7959,0,1
7960,0,1
7961,0,1
7962,0,1
7963,0,1
7964,0,1
7965,0,1
7966,0,1
7967,0,1
7968,0,1
7969,0,1
7970,0,1
7971,0,1
7972,0,1
7973,0,1
7974,0,1
7975,0,1
7976,0,1
7977,0,1
7978,0,1
7979,0,1
7980,0,1
7981,0,1
7982,0,1
7983,0,1
7984,0,1
7985,0,1
7986,0,1
7987,0,1
7988,0,1
7989,0,1
7990,0,1
7991,0,1
7992,0,0
7993,0,1
7994,0,1
7995,0,1
7996,0,1
7997,0,1
7998,0,1
7999,0,1
8000,0,1
8001,1,2
8002,1,1
8003,2,3
8004,1,1
8005,2,2
8006,0,1
8007,2,2
8008,1,2
8009,1,3
8010,2,2
8011,1,1
8012,0,1
8013,1,1
8014,0,1
8015,1,2
8016,1,2
8017,0,2
8018,0,1
8019,0,2
8020,2,2
8021,2,3
8022,2,2
8023,1,1
8024,1,1
8025,1,1
8026,0,1
8027,1,1
8028,0,1
8029,0,1
8030,2,2
8031,1,1
8032,1,1
8033,2,2
8034,0,1
8035,2,2
8036,1,2
8037,1,1
8038,0,0
8039,0,0
8040,0,1
8041,1,1
8042,1,3
8043,0,1
8044,1,2
8045,0,1
8046,1,2
8047,2,2
8048,1,1
8049,2,2
8050,1,2
8051,0,1
8052,1,2
8053,2,2
8054,2,2
8055,2,2
8056,0,1
8057,1,1
8058,1,1
8059,0,1
8060,1,1
8061,0,2
8062,1,2
8063,1,1
8064,0,2
8065,1,1
8066,2,2
8067,1,1
8068,0,1
8069,1,2
8070,0,1
8071,1,1
8072,0,2
8073,1,2
8074,0,2
8075,0,0
8076,1,1
8077,0,1
8078,2,2
8079,0,1
8080,1,2
8081,2,2
8082,2,2
8083,1,2
8084,1,2
8085,0,0
8086,0,1
8087,1,1
8088,1,2
8089,1,1
8090,1,2
8091,1,1
8092,0,1
8093,0,1
8094,0,1
8095,1,2
8096,0,2
8097,1,2
8098,0,1
8099,2,2
8100,2,2
8101,2,2
8102,2,2
8103,0,2
8104,2,3
8105,0,1
8106,1,1
8107,1,2
8108,1,1
8109,0,1
8110,2,2
8111,1,1
8112,1,3
8113,1,1
8114,2,3
8115,0,1
8116,0,1
8117,1,2
8118,1,2
8119,0,1
8120,1,2
8121,0,1
8122,2,3
8123,0,1
8124,1,1
8125,1,2
8126,1,2
8127,2,2
8128,2,2
8129,1,2
8130,1,2
8131,0,1
8132,1,1
8133,0,1
8134,2,2
8135,0,2
8136,1,2
8137,1,2
8138,1,2
8139,2,2
8140,0,1
8141,0,2
8142,1,1
8143,1,2
8144,2,2
8145,0,2
8146,1,2
8147,0,1
8148,0,1
8149,2,3
8150,1,1
8151,0,1
8152,0,1
8153,1,2
8154,0,0
8155,0,1
8156,2,2
8157,2,2
8158,2,2
8159,0,1
8160,0,1
8161,1,2
8162,1,2
8163,0,2
8164,1,1
8165,2,2
8166,1,3
8167,0,2
8168,0,0
8169,1,2
8170,0,0
8171,0,1
8172,0,1
8173,2,3
8174,1,3
8175,1,3
8176,0,1
8177,2,2
8178,0,1
8179,0,1
8180,2,3
8181,1,2
8182,1,1
8183,0,1
8184,2,2
8185,1,1
8186,0,2
8187,1,1
8188,1,2
8189,2,3
8190,0,1
8191,0,1
8192,0,2
8193,0,1
8194,0,1
8195,0,1
8196,0,0
8197,2,2
8198,0,2
8199,1,3
8200,2,2
8201,2,2
8202,2,3
8203,0,2
8204,0,2
8205,0,2
8206,2,2
8207,2,3
8208,0,1
8209,0,1
8210,1,2
8211,1,3
8212,0,0
8213,2,2
8214,2,3
8215,1,2
8216,1,1
8217,0,1
8218,2,2
8219,1,2
8220,1,1
8221,2,2
8222,0,1
8223,1,1
8224,1,1
8225,2,2
8226,1,1
8227,1,2
8228,1,1
8229,1,2
8230,0,1
8231,0,2
8232,1,2
8233,1,1
8234,1,2
8235,2,3
8236,1,1
8237,1,1
8238,1,2
8239,1,1
8240,1,1
8241,1,2
8242,1,1
8243,2,2
8244,0,0
8245,1,2
8246,1,2
8247,2,2
8248,1,2
8249,0,1
8250,0,1
8251,0,1
8252,1,2
8253,1,1
8254,1,2
8255,2,2
8256,1,2
8257,2,2
8258,0,1
8259,0,1
8260,0,2
8261,1,3
8262,0,1
8263,1,2
8264,1,1
8265,1,3
8266,1,2
8267,1,2
8268,0,1
8269,1,2
8270,2,3
8271,0,2
8272,0,2
8273,1,2
8274,1,1
8275,1,1
8276,2,2
8277,1,1
8278,1,1
8279,0,1
8280,1,2
8281,1,1
8282,1,1
8283,1,2
8284,1,3
8285,1,1
8286,0,1
8287,1,2
8288,0,1
8289,0,1
8290,0,1
8291,1,2
8292,1,1
8293,1,2
8294,2,2
8295,0,1
8296,1,3
8297,0,2
8298,2,2
8299,0,1
8300,1,3
8301,1,1
8302,0,1
8303,1,2
8304,2,2
8305,1,1
8306,1,1
8307,0,1
8308,1,1
8309,0,1
8310,1,2
8311,1,1
8312,0,2
8313,1,2
8314,2,2
8315,1,2
8316,0,1
8317,1,2
8318,0,1
8319,2,3
8320,0,2
8321,1,2
8322,0,1
8323,0,1
8324,2,2
8325,1,1
8326,0,1
8327,0,2
8328,2,2
8329,1,1
8330,0,1
8331,0,1
8332,1,1
8333,2,3
8334,1,2
8335,1,1
8336,1,3
8337,2,2
8338,1,1
8339,0,2
8340,1,3
8341,1,1
8342,1,1
8343,1,2
8344,2,2
8345,1,2
8346,1,2
8347,1,2
8348,0,1
8349,2,2
8350,0,1
8351,1,2
8352,0,0
8353,0,1
8354,1,1
8355,0,1
8356,0,1
8357,2,2
8358,1,1
8359,1,2
8360,2,2
8361,1,1
8362,1,1
8363,0,1
8364,1,2
8365,0,1
8366,1,1
8367,1,1
8368,1,2
8369,0,1
8370,1,1
8371,2,2
8372,0,1
8373,0,1
8374,1,2
8375,1,1
8376,2,2
8377,0,0
8378,1,2
8379,1,1
8380,0,1
8381,0,2
8382,2,2
8383,1,1
8384,0,1
8385,1,2
8386,0,1
8387,1,1
8388,1,1
8389,1,1
8390,2,2
8391,1,2
8392,1,2
8393,1,1
8394,1,2
8395,1,1
8396,1,1
8397,0,1
8398,0,2
8399,1,1
8400,2,3
8401,1,2
8402,0,1
8403,0,1
8404,0,2
8405,2,2
8406,0,0
8407,2,2
8408,0,2
8409,0,1
8410,0,1
8411,1,1
8412,2,2
8413,1,2
8414,1,3
8415,2,3
8416,0,1
8417,1,2
8418,0,1
8419,1,1
8420,0,1
8421,1,1
8422,1,2
8423,0,2
8424,1,2
8425,0,1
8426,2,2
8427,1,2
8428,1,2
8429,0,1
8430,0,2
8431,1,3
8432,1,2
8433,0,1
8434,1,1
8435,0,2
8436,0,1
8437,0,1
8438,1,2
8439,0,1
8440,2,2
8441,0,0
8442,0,1
8443,1,2
8444,0,2
8445,2,2
8446,2,3
8447,1,1
8448,0,1
8449,1,1
8450,1,1
8451,0,2
8452,0,1
8453,1,1
8454,0,0
8455,1,1
8456,0,1
8457,0,2
8458,2,2
8459,0,1
8460,1,2
8461,0,1
8462,0,2
8463,0,1
8464,2,2
8465,2,3
8466,2,2
8467,2,2
8468,2,2
8469,0,0
8470,1,1
8471,0,2
8472,0,1
8473,0,1
8474,1,1
8475,0,1
8476,1,2
8477,1,2
8478,1,1
8479,1,1
8480,2,3
8481,0,0
8482,1,1
8483,1,1
8484,1,2
8485,1,1
8486,1,2
8487,1,2
8488,0,1
8489,0,2
8490,1,2
8491,1,1
8492,0,0
8493,0,1
8494,1,1
8495,0,1
8496,0,1
8497,1,3
8498,0,1
8499,0,2
8500,1,2
8501,0,1
8502,0,1
8503,1,2
8504,2,2
8505,1,2
8506,2,3
8507,0,1
8508,0,1
8509,0,2
8510,1,1
8511,2,2
8512,0,1
8513,0,2
8514,0,1
8515,0,2
8516,2,2
8517,1,2
8518,1,2
8519,0,1
8520,2,2
8521,1,1
8522,1,1
8523,2,2
8524,2,2
8525,1,1
8526,2,2
8527,0,1
8528,0,2
8529,1,1
8530,1,2
8531,2,2
8532,0,0
8533,1,1
8534,2,3
8535,2,2
8536,1,1
8537,0,2
8538,2,2
8539,1,1
8540,2,2
8541,0,1
8542,2,3
8543,1,1
8544,0,1
8545,1,1
8546,1,2
8547,1,1
8548,2,2
8549,2,2
8550,0,2
8551,2,2
8552,0,1
8553,2,2
8554,2,2
8555,1,1
8556,0,2
8557,0,1
8558,1,1
8559,1,1
8560,0,2
8561,0,2
8562,2,2
8563,0,1
8564,2,3
8565,2,2
8566,1,2
8567,1,3
8568,1,2
8569,0,0
8570,2,3
8571,1,1
8572,0,1
8573,0,2
8574,0,2
8575,1,1
8576,2,2
8577,2,3
8578,2,3
8579,0,1
8580,2,3
8581,0,1
8582,1,1
8583,0,2
8584,1,1
8585,2,2
8586,1,2
8587,0,2
8588,2,2
8589,1,1
8590,0,1
8591,2,2
8592,1,1
8593,0,1
8594,0,1
8595,1,2
8596,1,2
8597,1,3
8598,1,1
8599,1,2
8600,1,2
8601,0,2
8602,0,1
8603,0,0
8604,0,1
8605,0,1
8606,1,1
8607,0,1
8608,0,2
8609,1,3
8610,0,2
8611,2,2
8612,1,2
8613,1,1
8614,1,3
8615,1,1
8616,0,1
8617,1,2
8618,1,1
8619,1,1
8620,0,1
8621,2,3
8622,1,2
8623,1,1
8624,1,2
8625,2,3
8626,1,2
8627,0,1
8628,1,2
8629,2,2
8630,1,2
8631,0,1
8632,1,1
8633,1,1
8634,2,2
8635,1,1
8636,1,1
8637,1,1
8638,0,2
8639,1,1
8640,1,1
8641,1,1
8642,1,2
8643,1,2
8644,0,2
8645,1,1
8646,1,1
8647,2,2
8648,0,1
8649,1,1
8650,0,2
8651,2,2
8652,1,1
8653,0,0
8654,1,2
8655,2,2
8656,0,0
8657,0,1
8658,1,1
8659,1,2
8660,1,1
8661,2,2
8662,1,1
8663,1,2
8664,0,1
8665,2,2
8666,1,2
8667,0,1
8668,1,2
8669,0,1
8670,2,2
8671,0,1
8672,1,2
8673,0,1
8674,2,3
8675,0,0
8676,2,2
8677,2,2
8678,0,1
8679,1,2
8680,1,2
8681,1,2
8682,1,2
8683,1,3
8684,2,2
8685,2,3
8686,0,1
8687,0,1
8688,1,1
8689,2,2
8690,1,2
8691,0,1
8692,2,3
8693,1,2
8694,0,1
8695,1,1
8696,1,2
8697,0,1
8698,1,2
8699,0,1
8700,1,1
8701,1,2
8702,1,1
8703,0,1
8704,0,0
8705,1,1
8706,1,1
8707,1,3
8708,1,1
8709,2,2
8710,0,2
8711,1,1
8712,2,2
8713,1,1
8714,0,2
8715,1,2
8716,0,1
8717,0,1
8718,1,1
8719,1,2
8720,1,1
8721,1,1
8722,1,2
8723,2,2
8724,0,1
8725,1,3
8726,0,1
8727,1,1
8728,2,2
8729,0,1
8730,1,2
8731,0,1
8732,1,1
8733,1,2
8734,2,3
8735,2,3
8736,1,2
8737,1,1
8738,0,2
8739,2,2
8740,0,1
8741,0,1
8742,2,2
8743,1,1
8744,2,2
8745,1,2
8746,1,2
8747,1,1
8748,0,1
8749,1,1
8750,1,1
8751,1,1
8752,1,2
8753,0,1
8754,2,3
8755,1,2
8756,1,2
8757,0,1
8758,2,2
8759,1,2
8760,2,2
8761,2,3
8762,1,1
8763,0,1
8764,2,2
8765,0,0
8766,1,2
8767,1,3
8768,1,1
8769,1,1
8770,1,2
8771,1,2
8772,0,2
8773,1,1
8774,0,1
8775,0,2
8776,0,2
8777,0,1
8778,0,1
8779,0,2
8780,0,1
8781,2,2
8782,2,2
8783,0,2
8784,1,2
8785,0,1
8786,1,2
8787,0,2
8788,1,2
8789,2,3
8790,1,2
8791,1,2
8792,1,1
8793,0,1
8794,1,2
8795,1,1
8796,1,1
8797,1,2
8798,1,2
8799,1,2
8800,1,1
8801,1,2
8802,1,2
8803,0,1
8804,1,3
8805,1,1
8806,1,1
8807,1,2
8808,1,1
8809,1,1
8810,1,2
8811,1,1
8812,0,1
8813,2,2
8814,1,2
8815,0,1
8816,2,2
8817,0,2
8818,1,2
8819,1,2
8820,2,2
8821,0,1
8822,1,2
8823,1,3
8824,1,2
8825,1,2
8826,1,1
8827,1,2
8828,1,2
8829,1,1
8830,0,2
8831,0,1
8832,0,1
8833,2,2
8834,0,2
8835,1,1
8836,1,1
8837,1,2
8838,0,1
8839,1,2
8840,2,3
8841,2,3
8842,2,2
8843,0,1
8844,0,0
8845,0,2
8846,0,1
8847,1,1
8848,1,1
8849,1,2
8850,0,1
8851,1,3
8852,1,2
8853,0,1
8854,0,1
8855,0,1
8856,1,1
8857,0,2
8858,1,3
8859,2,3
8860,0,2
8861,1,2
8862,1,2
8863,1,1
8864,0,1
8865,2,2
8866,1,3
8867,0,1
8868,0,1
8869,2,3
8870,1,1
8871,0,2
8872,1,2
8873,1,2
8874,2,3
8875,1,3
8876,1,1
8877,1,2
8878,2,2
8879,0,1
8880,2,2
8881,0,2
8882,0,1
8883,1,1
8884,0,1
8885,2,2
8886,1,2
8887,1,2
8888,1,1
8889,1,1
8890,0,1
8891,0,1
8892,1,1
8893,2,3
8894,1,1
8895,2,3
8896,1,1
8897,0,1
8898,2,2
8899,2,2
8900,1,1
8901,0,1
8902,1,1
8903,0,1
8904,0,0
8905,2,3
8906,1,2
8907,1,1
8908,1,1
8909,0,1
8910,1,1
8911,1,2
8912,1,1
8913,1,1
8914,1,2
8915,1,2
8916,2,2
8917,1,1
8918,1,1
8919,1,2
8920,2,3
8921,2,2
8922,1,2
8923,1,1
8924,1,2
8925,0,1
8926,1,2
8927,0,1
8928,0,1
8929,2,2
8930,0,1
8931,0,1
8932,1,1
8933,1,2
8934,1,2
8935,1,1
8936,0,1
8937,1,2
8938,1,1
8939,1,1
8940,0,1
8941,2,2
8942,1,2
8943,0,1
8944,2,3
8945,2,2
8946,1,2
8947,1,1
8948,0,1
8949,1,2
8950,0,2
8951,0,1
8952,0,0
8953,1,2
8954,2,3
8955,0,1
8956,1,2
8957,1,1
8958,1,1
8959,1,1
8960,2,2
8961,1,1
8962,0,1
8963,1,3
8964,0,1
8965,1,2
8966,1,1
8967,1,2
8968,0,1
8969,1,1
8970,0,1
8971,1,1
8972,1,1
8973,0,1
8974,2,2
8975,1,1
8976,2,2
8977,0,1
8978,2,2
8979,1,1
8980,1,2
8981,0,1
8982,1,2
8983,1,2
8984,2,2
8985,1,2
8986,2,3
8987,0,1
8988,0,2
8989,0,1
8990,1,2
8991,0,1
8992,0,1
8993,2,2
8994,1,2
8995,1,2
8996,1,2
8997,0,1
8998,0,1
8999,2,2
