,index_left,corn,rice,Latitude,Longitude,Avg_Humidity,Avg_Temp,Avg_Temp_Max,Avg_Temp_Min,index
0,0,1,2,32.378291,-14.424849,32,94,106,46,
1,1,3,5,26.995882,-12.505183,61,59,102,58,
2,2,2,4,30.281241,-2.775838,9,83,72,50,
3,3,2,5,29.043051,-2.906451,18,74,63,53,
4,4,2,4,28.811403,-11.580812,79,78,85,40,
5,5,2,4,32.525718,-14.32154,48,95,74,47,
6,6,1,2,29.376711,-7.2369,75,50,114,46,
7,7,1,4,31.387371,-4.52941,12,93,79,51,
8,8,2,4,26.892692,-14.394825,1,81,105,60,
9,9,1,2,33.784047,-10.227405,16,58,82,46,
10,10,3,6,28.657894,-15.12588,35,97,71,58,
11,11,2,6,30.453499,-15.982278,83,61,76,53,
12,12,0,1,32.724356,-11.52745,46,51,87,49,
13,13,2,4,31.880477,-10.691178,25,85,110,60,
14,14,1,2,30.010566,-11.649228,6,99,119,50,
15,15,2,5,33.574791,-8.478609,58,81,77,57,
16,16,2,4,34.267423,-11.1216,91,83,115,43,
17,17,2,4,33.596679,-15.064737,68,76,89,41,
18,18,2,4,32.756762,-15.655472,3,58,98,60,
19,19,1,3,30.102165,-9.824511,40,96,80,53,
20,20,2,5,29.24808,-13.209318,30,58,62,55,
21,21,3,6,28.41329,-5.542161,62,99,72,51,
22,22,1,3,32.923868,-8.351547,34,57,97,54,
23,23,1,4,32.423672,-7.625017,26,87,76,54,
24,24,2,4,29.226658,-3.708527,46,79,118,57,
25,25,1,3,31.20441,-4.747726,20,54,64,48,
26,26,1,3,28.601183,-4.335277,27,53,90,56,
27,27,1,3,28.633206,-13.73578,30,62,109,53,
28,28,1,3,31.872995,-3.882879,0,59,119,51,
29,29,1,3,30.774515,-14.157428,12,69,114,55,
30,30,0,1,27.766359,-4.709783,58,50,78,46,
31,31,2,6,29.073047,-12.48921,100,94,75,51,
32,32,1,2,27.170424,-3.413643,29,97,99,48,
33,33,2,4,27.752484,-9.034816,92,86,106,50,
34,34,1,3,29.565167,-15.140728,49,75,75,45,
35,35,0,0,32.484069,-15.031082,52,50,116,45,
36,36,2,4,28.339309,-1.862189,62,98,77,41,
37,37,1,2,34.202986,-5.474116,18,78,116,44,
38,38,4,7,33.302063,-12.830601,64,87,72,56,
39,39,1,2,32.089736,-14.967136,71,50,114,48,
40,40,3,5,32.761158,-10.98486,62,83,117,56,
41,41,2,4,29.603398,-7.311863,67,100,76,44,
42,42,1,2,31.733188,-3.319655,43,59,85,49,
43,43,2,4,30.027329,-16.269146,55,68,64,40,
44,44,2,4,32.434862,-2.953971,14,91,98,56,
45,45,2,5,30.094007,-7.637438,72,96,117,52,
46,46,2,4,30.224785,-2.12013,98,86,102,47,
47,47,2,4,27.181915,-9.771087,99,68,110,44,
48,48,0,1,32.543229,-2.476135,19,50,121,53,
49,49,3,6,32.380369,-12.45226,76,63,65,49,
50,50,3,7,31.723961,-2.201196,77,55,67,56,
51,51,1,2,32.499035,-3.088326,39,67,89,50,
52,52,1,5,33.355907,-12.888023,91,52,77,53,
53,53,2,4,32.590169,-3.105034,53,84,92,57,
54,54,1,3,29.212846,-2.45895,47,87,86,55,
55,55,1,3,30.925802,-2.759761,19,69,76,44,
56,56,1,3,26.988343,-13.890842,50,52,88,58,
57,57,2,4,28.775058,-13.14595,83,99,104,40,
58,58,1,3,31.737293,-15.778643,27,71,81,51,
59,59,3,6,27.415897,-1.900242,97,72,104,60,
60,60,1,4,27.853018,-10.819954,66,54,78,40,
61,61,4,8,33.19254,-13.311607,95,84,71,57,
62,62,1,3,33.208257,-3.389302,48,82,117,54,
63,63,2,5,30.491952,-7.421621,5,89,76,56,
64,64,3,6,34.354041,-8.573457,98,92,93,58,
65,65,1,3,33.676725,-16.86202,13,53,71,40,
66,66,2,4,33.840559,-7.903651,90,59,115,46,
67,67,1,3,28.406955,-16.645769,14,57,106,54,
68,68,2,5,27.681024,-17.04005,70,99,79,41,
69,69,2,4,32.615332,-10.791049,69,95,106,41,
70,70,1,2,27.834475,-2.300506,0,84,99,50,
71,71,1,2,28.819804,-1.95768,19,86,80,49,
72,72,2,4,32.739644,-14.506786,0,90,115,59,
73,73,1,3,32.70127,-9.542966,41,85,114,54,
74,74,3,7,26.820184,-7.783706,76,94,75,56,
75,75,2,5,32.103515,-4.507435,8,67,72,51,
76,76,1,3,28.39255,-15.677406,26,97,77,40,
77,77,2,4,28.988139,-16.564352,27,82,94,56,
78,78,2,3,32.452297,-4.680148,63,63,93,49,
79,79,1,3,30.224542,-7.097719,87,53,97,40,
80,80,1,3,33.850426,-8.278408,2,96,87,53,
81,81,1,3,29.323103,-3.114661,36,53,107,58,
82,82,2,4,32.792826,-13.728813,26,96,95,59,
83,83,2,4,29.339787,-16.165893,87,71,93,41,
84,84,1,3,26.98392,-6.707387,33,75,113,52,
85,85,2,4,27.319859,-14.938711,11,92,66,46,
86,86,2,5,31.523799,-9.089285,73,67,88,51,
87,87,2,3,29.23969,-2.337868,61,67,113,43,
88,88,0,0,27.763684,-8.248972,23,50,104,49,
89,89,1,2,31.245976,-5.91983,22,82,112,44,
90,90,2,4,33.068286,-9.877267,67,76,101,49,
91,91,2,4,30.531341,-16.454285,79,68,84,46,
92,92,2,3,32.333508,-11.930895,62,78,117,46,
93,93,2,4,31.942983,-9.746614,95,64,98,43,
94,94,1,2,26.930067,-10.920744,26,50,109,58,
95,95,2,4,29.421843,-9.249574,42,79,69,50,
96,96,2,3,28.801491,-7.449468,62,61,119,41,
97,97,2,4,28.537065,-13.788199,31,96,81,58,
98,98,1,2,27.551185,-17.078759,10,98,87,46,
99,99,1,2,26.90592,-12.582142,24,85,92,46,
100,100,3,6,27.573205,-16.081562,73,58,114,57,
101,101,1,2,32.784847,-6.160094,30,66,120,47,
102,102,1,3,32.597489,-2.133909,32,63,120,54,
103,103,1,2,27.256795,-6.709895,34,65,105,40,
104,104,1,3,33.165562,-3.008538,35,90,98,52,
105,105,1,3,27.362382,-8.942305,43,92,79,47,
106,106,1,3,30.96488,-17.297606,47,75,118,53,
107,107,0,1,31.896447,-17.21308,3,55,84,50,
108,108,1,3,30.637277,-6.652732,56,70,78,44,
109,109,3,6,28.79368,-17.174253,82,88,69,50,
110,110,2,5,26.830318,-12.283683,85,52,91,58,
111,111,2,4,26.909509,-2.998913,55,91,66,46,
112,112,1,2,31.520672,-15.320541,43,87,119,45,
113,113,2,4,27.519961,-1.604718,57,80,90,60,
114,114,4,7,34.049119,-2.950397,63,92,71,59,
115,115,2,4,32.091613,-4.880759,37,97,71,40,
116,116,2,4,32.833139,-7.070826,59,94,67,41,
117,117,2,4,30.48984,-12.503793,73,82,107,40,
118,118,3,6,32.247114,-11.27991,21,84,70,58,
119,119,0,2,33.308604,-7.340401,28,52,84,55,
120,120,1,2,29.125682,-15.384437,4,75,83,41,
121,121,2,4,29.038518,-16.81689,80,86,108,46,
122,122,2,4,27.85688,-4.418369,5,81,74,41,
123,123,2,4,26.980358,-6.669646,13,59,97,59,
124,124,2,4,32.434944,-1.826686,23,65,89,59,
125,125,2,4,33.687701,-4.411886,83,79,112,50,
126,126,1,2,26.986982,-11.481309,32,89,107,40,
127,127,2,5,32.375576,-2.592605,0,73,61,55,
128,128,2,4,27.803354,-15.074088,6,79,65,41,
129,129,3,6,27.124804,-4.792572,73,73,62,49,
130,130,3,5,29.646669,-9.367443,63,61,100,60,
131,131,2,4,30.33414,-3.798258,97,94,84,47,
132,132,1,3,32.420484,-8.32065,3,92,94,54,
133,133,2,4,31.960039,-10.47673,48,62,64,42,
134,134,2,5,30.991472,-5.241543,24,76,73,53,
135,135,2,4,34.08815,-13.943807,1,89,74,48,
136,136,2,4,32.561953,-5.972778,79,60,114,41,
137,137,2,4,29.445715,-12.956982,98,81,94,44,
138,138,2,4,30.920337,-17.087353,57,57,85,57,
139,139,2,4,30.201097,-6.016821,58,61,92,57,
140,140,3,5,28.763016,-2.946149,66,100,72,42,
141,141,2,4,33.023833,-15.999957,47,87,68,47,
142,142,3,6,33.021542,-13.649208,72,64,90,56,
143,143,2,4,33.352101,-12.075658,77,76,109,40,
144,144,2,5,27.731735,-11.264821,85,57,82,52,
145,145,3,6,32.854503,-16.494874,98,60,82,56,
146,146,3,6,26.834588,-16.183264,71,81,69,42,
147,147,2,4,29.544312,-10.395347,91,60,88,45,
148,148,1,2,33.24389,-9.281016,32,85,83,41,
149,149,2,4,29.801671,-12.316793,88,77,83,44,
150,150,1,3,33.018914,-4.473494,29,86,121,53,
151,151,1,3,32.513318,-12.991297,16,90,108,54,
152,152,2,4,30.22324,-13.107143,26,91,121,58,
153,153,3,6,31.372681,-16.554888,27,98,65,57,
154,154,3,6,29.858454,-3.887028,72,94,116,59,
155,155,2,4,29.228646,-12.456052,42,99,85,58,
156,156,3,6,31.097744,-15.383492,8,61,60,57,
157,157,0,1,31.50597,-14.034698,56,53,97,42,
158,158,2,5,34.444513,-13.617428,69,95,78,46,
159,159,3,6,27.250253,-10.076561,96,87,102,56,
160,160,2,4,29.674377,-16.596241,72,100,112,52,
161,161,1,4,28.279327,-11.050924,41,62,77,54,
162,162,1,2,27.099522,-3.252944,42,97,106,48,
163,163,2,4,33.311141,-8.565883,18,95,72,44,
164,164,3,6,30.157727,-15.097831,86,93,92,58,
165,165,2,4,28.365825,-11.549147,31,71,60,48,
166,166,2,4,31.42196,-7.528823,48,86,114,59,
167,167,1,2,32.131163,-3.430223,33,57,99,47,
168,168,3,6,30.492886,-2.276383,89,69,74,43,
169,169,1,2,29.114024,-12.350309,40,74,107,45,
170,170,3,6,34.192495,-8.845602,76,90,98,58,
171,171,2,4,27.450266,-11.990219,39,86,74,49,
172,172,2,4,31.242628,-7.92625,86,63,93,40,
173,173,2,4,34.218857,-5.691464,56,95,74,46,
174,174,3,6,29.306529,-9.28963,67,67,66,49,
175,175,2,4,28.752393,-5.627938,26,91,67,50,
176,176,0,1,27.473826,-2.751032,16,52,121,49,
177,177,2,5,34.252923,-12.926044,69,51,66,41,
178,178,3,6,33.075107,-9.924937,65,53,73,58,
179,179,3,6,32.791453,-16.83801,73,85,69,47,
180,180,2,4,32.213674,-9.664641,60,69,114,60,
181,181,1,2,29.137659,-12.718875,28,97,80,49,
182,182,2,4,28.813195,-17.097528,80,85,81,45,
183,183,1,3,30.740779,-11.003786,23,58,99,52,
184,184,1,2,31.701902,-6.15208,31,71,116,46,
185,185,1,4,32.789595,-4.580513,13,69,79,54,
186,186,1,2,30.790562,-16.940975,6,71,90,50,
187,187,1,3,33.528339,-16.993384,49,78,78,50,
188,188,2,4,28.520876,-11.003085,55,99,71,48,
189,189,1,2,29.616531,-16.784779,30,68,89,40,
190,190,2,5,27.173087,-7.213206,27,96,63,53,
191,191,3,6,30.870944,-13.958985,84,75,64,45,
192,192,3,6,33.383537,-10.010198,78,80,112,58,
193,193,1,2,27.153623,-13.748347,17,62,115,47,
194,194,3,6,30.985315,-7.236935,69,77,62,44,
195,195,1,3,33.325093,-14.3046,94,55,83,46,
196,196,3,6,29.924654,-2.583956,76,65,70,48,
197,197,1,2,33.786012,-6.117498,38,71,92,50,
198,198,1,2,30.484057,-6.103648,45,87,86,41,
199,199,1,2,30.13723,-15.425115,43,71,103,44,
200,200,0,1,32.740544,-6.386964,15,52,105,43,
201,201,1,1,30.635321,-13.464587,41,100,99,40,
202,202,1,3,27.438996,-9.092907,47,90,100,53,
203,203,3,6,34.082513,-10.818744,94,70,70,45,
204,204,2,5,31.551281,-5.569234,28,78,70,54,
205,205,0,2,27.256924,-14.714466,22,52,120,51,
206,206,2,4,27.848496,-9.106825,51,79,93,58,
207,207,0,2,33.698495,-12.040528,22,54,77,40,
208,208,1,2,31.871161,-16.631919,33,57,117,43,
209,209,0,2,33.337567,-11.812571,16,51,97,53,
210,210,2,4,32.52123,-16.02414,52,62,109,58,
211,211,1,2,33.062086,-4.991918,32,75,107,42,
212,212,3,5,26.829682,-7.498543,82,100,81,56,
213,213,3,5,32.442813,-9.185737,80,100,106,60,
214,214,1,2,29.145943,-16.630007,36,70,111,47,
215,215,1,3,29.470362,-12.199175,11,55,104,59,
216,216,1,3,28.16699,-15.67927,33,72,94,51,
217,217,2,4,34.021775,-4.254897,57,67,99,57,
218,218,2,5,31.595338,-7.077618,90,71,96,55,
219,219,3,5,32.241176,-5.374895,96,100,66,45,
220,220,0,1,31.944383,-2.32652,10,50,108,55,
221,221,2,5,31.580513,-10.344406,11,93,64,55,
222,222,1,2,30.057059,-4.321373,18,70,92,50,
223,223,2,5,29.427145,-3.012113,96,87,96,54,
224,224,3,6,33.776269,-11.995866,98,81,106,59,
225,225,2,4,33.954542,-16.195523,46,60,108,58,
226,226,1,2,27.239486,-9.961186,17,91,87,44,
227,227,3,6,30.521568,-12.283399,74,72,82,60,
228,228,2,4,27.99056,-3.625057,42,67,71,42,
229,229,2,5,29.095924,-16.703601,33,54,74,59,
230,230,2,4,27.305802,-4.241577,28,81,74,43,
231,231,2,4,28.200608,-3.838066,75,62,103,47,
232,232,0,1,32.41295,-11.291604,10,54,95,44,
233,233,1,2,31.421652,-6.374229,54,76,113,44,
234,234,2,4,26.98614,-6.572591,52,83,63,40,
235,235,2,4,28.916724,-5.98309,1,63,74,45,
236,236,2,4,32.537099,-16.993013,96,96,112,41,
237,237,1,3,30.406961,-9.02414,11,74,99,55,
238,238,2,4,28.038687,-2.082109,56,68,64,46,
239,239,1,4,30.428225,-14.005322,81,52,102,51,
240,240,2,4,29.733523,-7.522144,23,66,72,43,
241,241,2,4,28.083537,-8.812664,61,75,103,51,
242,242,2,4,26.86474,-14.592566,67,82,116,41,
243,243,1,2,28.649977,-7.304263,0,65,92,47,
244,244,1,2,32.627809,-2.222014,21,85,102,43,
245,245,2,5,28.442528,-8.793592,87,87,87,54,
246,246,1,2,32.507342,-3.671016,22,86,91,47,
247,247,3,6,30.232405,-8.32521,52,67,74,58,
248,248,2,4,29.565561,-12.586717,75,62,114,48,
249,249,1,2,32.051095,-2.483834,11,70,112,49,
250,250,3,6,26.840496,-6.799901,20,84,68,59,
251,251,3,6,32.714697,-10.11887,81,76,92,59,
252,252,1,2,34.400376,-13.771483,36,97,89,42,
253,253,3,5,28.583284,-3.48384,63,69,81,56,
254,254,1,2,33.422426,-8.852648,60,62,113,47,
255,255,2,4,29.526974,-11.804774,20,88,63,44,
256,256,1,3,26.891142,-14.465335,51,94,75,47,
257,257,2,4,34.233009,-3.047517,90,56,105,42,
258,258,2,5,33.97913,-9.745762,27,66,65,52,
259,259,3,7,27.415266,-4.808477,85,67,79,56,
260,260,3,6,33.562638,-14.255417,54,77,62,56,
261,261,2,4,33.811804,-3.529862,95,77,95,48,
262,262,2,4,28.247273,-7.864972,17,63,103,56,
263,263,0,2,32.017741,-13.357439,28,55,116,54,
264,264,2,4,32.091953,-12.729663,39,92,60,44,
265,265,2,4,27.634801,-4.027166,71,70,108,44,
266,266,1,3,28.822223,-12.653139,41,69,113,55,
267,267,3,6,32.736879,-9.944312,79,74,105,56,
268,268,2,4,27.829613,-11.485814,52,85,74,48,
269,269,3,6,32.163314,-13.550876,71,66,86,60,
270,270,2,4,29.289342,-17.194904,37,90,110,59,
271,271,2,4,28.657588,-7.097764,84,80,113,40,
272,272,1,4,32.257224,-3.653077,31,74,75,55,
273,273,2,5,33.554368,-13.985937,77,82,75,41,
274,274,1,2,28.769109,-4.080048,37,63,91,46,
275,275,2,5,31.601437,-8.244912,20,71,63,53,
276,276,3,6,33.75061,-2.345758,82,65,111,59,
277,277,3,7,30.793725,-14.8159,91,76,78,57,
278,278,2,3,26.899037,-3.394808,65,75,106,41,
279,279,4,8,33.628732,-6.227834,79,70,70,57,
280,280,2,4,31.958589,-6.651282,25,71,66,40,
281,281,3,6,33.959692,-14.323557,69,83,120,58,
282,282,3,6,28.992332,-16.665217,64,52,68,56,
283,283,1,2,28.131628,-15.266798,34,77,103,40,
284,284,3,6,28.711584,-6.630204,39,57,68,60,
285,285,1,3,33.157802,-4.804058,18,58,91,53,
286,286,2,4,27.871562,-6.100348,100,58,105,50,
287,287,2,4,33.032074,-3.216112,12,56,71,41,
288,288,3,6,28.981107,-13.252339,99,81,67,50,
289,289,2,4,29.489807,-13.883104,50,76,101,59,
290,290,1,3,28.88861,-7.125023,5,86,77,40,
291,291,1,4,33.612129,-10.156824,15,74,78,52,
292,292,1,2,30.856772,-14.832474,29,97,110,42,
293,293,1,3,30.58419,-9.706938,39,51,67,41,
294,294,3,6,32.619509,-15.629053,66,96,108,60,
295,295,1,2,33.543649,-4.255516,46,62,106,49,
296,296,3,6,27.128218,-13.629481,90,65,103,57,
297,297,1,3,31.450944,-7.371569,3,68,120,55,
298,298,2,4,28.548453,-16.863702,68,78,111,45,
299,299,2,4,27.415046,-2.836107,20,97,113,57,
300,300,3,6,32.649318,-15.181662,99,62,111,56,
301,301,2,3,29.531005,-14.451001,14,100,65,43,
302,302,2,4,31.269582,-5.880874,63,95,121,53,
303,303,2,4,27.559724,-3.53313,19,75,80,60,
304,304,2,4,27.191972,-5.35933,65,93,116,52,
305,305,2,4,27.215696,-14.967873,24,87,89,59,
306,306,1,3,34.267186,-3.324074,54,51,61,49,
307,307,2,4,27.761729,-12.872243,80,93,113,49,
308,308,3,5,31.487268,-16.485111,65,88,110,59,
309,309,2,4,27.541818,-3.245765,23,58,61,46,
310,310,2,4,33.772366,-4.112431,26,99,61,42,
311,311,2,4,29.880471,-4.096023,37,97,63,42,
312,312,1,3,27.444119,-17.175114,38,85,90,54,
313,313,1,1,33.537003,-13.148877,16,100,98,48,
314,314,1,2,28.862863,-13.395562,2,62,81,44,
315,315,2,4,29.556778,-10.23436,57,88,103,59,
316,316,2,5,30.517403,-1.807261,17,77,61,52,
317,317,1,2,28.511373,-17.157376,19,67,97,49,
318,318,1,2,32.659991,-4.007448,42,61,92,42,
319,319,0,2,29.545576,-5.838971,1,51,110,53,
320,320,3,7,29.215993,-13.605681,72,98,68,55,
321,321,0,1,31.181261,-6.320453,48,52,87,43,
322,322,1,2,30.929504,-4.423189,3,63,112,40,
323,323,1,3,34.083459,-16.626111,73,52,94,45,
324,324,2,4,34.411315,-7.160466,72,96,105,41,
325,325,3,6,29.994964,-10.578765,71,70,65,47,
326,326,3,6,30.909268,-15.692757,100,99,74,43,
327,327,2,4,26.925215,-16.571707,85,61,109,44,
328,328,1,3,31.574235,-7.369416,59,89,87,51,
329,329,1,3,34.027859,-15.397593,36,65,107,52,
330,330,1,3,34.324492,-10.296566,11,57,80,53,
331,331,1,3,33.880424,-4.029931,57,73,95,55,
332,332,4,7,28.031581,-5.80445,61,75,72,59,
333,333,1,2,33.418852,-4.316408,59,78,92,41,
334,334,2,4,32.334878,-15.199667,64,77,75,50,
335,335,1,2,31.796756,-3.727618,42,99,117,46,
336,336,2,4,28.232014,-4.213951,2,71,108,58,
337,337,2,4,30.243017,-6.646322,49,73,65,41,
338,338,1,3,30.274383,-6.464783,15,51,115,57,
339,339,2,4,30.108535,-1.874884,69,78,105,44,
340,340,1,4,31.140762,-10.857463,3,81,76,54,
341,341,2,4,28.716656,-3.113606,31,57,67,42,
342,342,3,6,30.546124,-2.106442,94,68,72,44,
343,343,2,5,31.872161,-16.574152,26,80,64,51,
344,344,2,4,27.369692,-5.294685,84,76,93,49,
345,345,2,4,32.129142,-2.788126,9,68,72,43,
346,346,3,6,33.063401,-10.61092,70,86,70,41,
347,347,1,3,26.912054,-9.082903,5,81,81,51,
348,348,2,4,31.300878,-17.375553,88,66,91,49,
349,349,2,4,29.230995,-13.749226,65,82,81,53,
350,350,2,4,27.134304,-4.375186,72,63,94,41,
351,351,1,3,33.579019,-8.670687,32,81,88,55,
352,352,1,2,32.737904,-15.905456,18,81,83,48,
353,353,2,5,32.424047,-1.905274,59,69,77,59,
354,354,1,2,31.464047,-15.081819,57,79,96,45,
355,355,0,1,31.445965,-10.31304,19,50,112,54,
356,356,2,4,34.288637,-16.536442,67,83,109,44,
357,357,3,7,33.655524,-14.302492,71,91,64,54,
358,358,3,6,27.757377,-4.848832,48,61,63,59,
359,359,1,2,33.338237,-5.643248,10,56,87,43,
360,360,2,5,34.158097,-3.001794,72,79,90,55,
361,361,2,4,27.220294,-13.800327,56,83,95,57,
362,362,2,4,31.622624,-13.866234,41,83,62,41,
363,363,3,7,28.480179,-3.115653,67,90,79,60,
364,364,1,4,32.681651,-14.108044,46,55,62,54,
365,365,1,4,34.065512,-14.890308,5,73,77,51,
366,366,2,5,28.136218,-1.747557,49,91,79,57,
367,367,1,2,28.137657,-4.680886,20,98,117,44,
368,368,1,3,26.849347,-5.927322,56,63,110,55,
369,369,3,6,26.864964,-12.436866,72,90,71,44,
370,370,2,5,28.651187,-7.268873,59,75,74,55,
371,371,3,6,33.81743,-15.427254,89,89,97,60,
372,372,1,2,26.963106,-6.02524,0,79,89,43,
373,373,2,4,34.045031,-5.805,80,86,120,46,
374,374,1,2,29.476127,-13.671304,59,99,80,43,
375,375,2,4,28.181959,-14.702147,12,81,113,56,
376,376,2,5,27.11001,-6.127728,100,82,100,52,
377,377,4,8,30.763509,-10.414542,70,77,69,58,
378,378,2,5,33.988933,-7.481757,7,89,75,60,
379,379,2,4,32.506007,-10.422925,10,62,106,56,
380,380,1,2,29.916396,-7.653328,33,74,110,43,
381,381,1,3,33.79845,-11.763087,58,94,96,52,
382,382,3,6,27.364514,-16.219653,90,95,83,58,
383,383,2,4,29.309352,-10.30051,73,74,105,47,
384,384,1,4,30.829917,-7.168005,1,72,78,53,
385,385,1,2,32.903047,-15.969214,36,62,100,48,
386,386,2,4,31.338936,-2.03476,86,80,87,42,
387,387,1,2,33.037662,-6.707736,90,50,87,47,
388,388,1,2,31.571795,-14.334221,29,66,83,44,
389,389,0,1,31.633474,-10.475333,34,51,120,50,
390,390,1,2,31.952111,-3.21134,23,99,95,49,
391,391,2,4,33.016552,-15.442359,39,82,117,56,
392,392,1,3,30.526029,-4.192368,14,53,81,57,
393,393,1,2,26.856761,-16.970763,31,68,112,46,
394,394,1,2,28.445578,-16.939123,20,70,98,48,
395,395,1,4,33.037511,-7.843583,22,60,77,54,
396,396,2,5,32.873487,-10.948839,80,95,92,52,
397,397,1,4,29.459098,-1.692917,22,56,76,54,
398,398,2,4,27.77551,-1.602577,80,100,113,51,
399,399,2,4,27.893101,-4.770964,33,68,96,58,
400,400,3,6,31.363725,-15.610084,26,70,69,56,
401,401,1,3,32.945572,-5.970961,51,72,84,53,
402,402,2,4,33.577354,-12.656456,71,89,101,48,
403,403,1,3,30.422831,-13.067029,80,51,84,48,
404,404,2,4,31.454115,-10.568535,50,85,105,57,
405,405,1,2,26.908337,-14.72138,44,94,91,43,
406,406,1,3,27.646599,-14.581556,19,82,82,55,
407,407,1,4,28.265391,-15.729041,39,85,77,51,
408,408,2,4,29.121673,-15.803012,35,79,84,56,
409,409,1,2,27.268123,-6.329739,46,92,94,44,
410,410,2,5,30.457291,-3.726803,48,94,74,53,
411,411,2,5,34.056238,-4.346747,92,67,105,55,
412,412,1,3,30.66596,-6.069894,50,73,92,51,
413,413,3,5,32.125079,-16.763874,62,94,108,57,
414,414,2,4,30.137393,-15.053081,60,62,108,56,
415,415,1,2,31.211878,-4.719447,41,65,100,42,
416,416,2,4,28.771194,-17.344322,33,80,86,57,
417,417,1,2,29.68274,-2.968789,50,77,93,47,
418,418,1,2,29.705378,-4.55379,44,75,116,47,
419,419,2,5,29.7958,-14.25195,88,78,95,53,
420,420,2,6,29.947506,-9.539008,84,81,78,54,
421,421,3,5,27.228428,-3.233857,63,93,71,45,
422,422,2,3,27.639672,-5.47152,35,100,101,56,
423,423,2,4,29.439415,-2.604894,72,65,112,43,
424,424,1,3,27.488908,-5.311212,0,99,89,53,
425,425,3,5,27.034063,-9.82147,65,97,114,58,
426,426,1,2,29.234219,-16.387043,36,82,84,49,
427,427,3,6,30.055009,-12.731501,95,60,88,59,
428,428,1,2,27.56942,-9.420288,19,96,118,48,
429,429,1,3,33.767394,-3.960612,25,55,60,48,
430,430,1,3,30.954306,-14.689867,18,65,76,47,
431,431,2,4,34.027487,-5.959975,51,94,111,60,
432,432,2,5,31.889928,-12.264783,31,65,70,53,
433,433,2,4,27.464184,-10.152876,13,98,82,59,
434,434,3,5,31.293161,-7.523326,63,99,85,59,
435,435,1,3,27.902914,-16.229304,4,59,76,41,
436,436,3,6,27.192092,-8.778744,89,79,116,60,
437,437,3,6,28.040627,-15.598652,77,64,106,57,
438,438,1,3,34.116778,-3.170893,31,75,96,54,
439,439,2,3,32.43641,-5.64913,68,100,113,42,
440,440,2,5,30.249549,-12.693184,91,65,84,55,
441,441,2,4,27.266064,-15.143146,94,81,86,43,
442,442,1,2,26.953392,-4.652985,6,74,120,47,
443,443,2,4,28.231347,-3.094689,78,100,112,52,
444,444,1,3,31.045213,-11.825386,89,54,103,42,
445,445,3,6,27.184834,-2.949267,51,84,68,60,
446,446,2,4,28.189791,-6.352045,13,57,62,50,
447,447,1,3,33.269277,-15.02109,41,71,75,47,
448,448,2,4,28.019064,-8.713971,60,81,97,57,
449,449,2,4,32.333897,-8.490301,64,66,75,45,
450,450,3,7,27.918524,-4.887209,97,54,72,60,
451,451,1,3,30.122222,-13.329116,25,54,104,56,
452,452,2,4,28.275952,-11.774083,7,82,80,58,
453,453,1,2,27.445847,-11.077538,12,67,121,41,
454,454,1,4,32.444154,-2.260817,67,55,119,55,
455,455,2,4,30.970252,-14.243579,80,66,109,49,
456,456,1,4,34.149429,-10.939805,13,83,76,52,
457,457,4,7,33.9049,-8.590594,79,100,64,59,
458,458,1,3,28.936834,-6.799887,48,82,105,52,
459,459,0,2,34.296297,-4.458322,31,53,76,41,
460,460,1,4,27.092882,-5.024577,23,53,62,52,
461,461,0,2,33.22774,-17.207605,23,53,82,54,
462,462,2,5,32.896171,-12.807093,94,96,80,52,
463,463,2,5,31.750861,-15.193828,87,78,96,54,
464,464,1,3,30.197554,-7.248113,11,69,77,50,
465,465,1,3,28.276994,-7.366375,60,64,98,52,
466,466,2,4,32.423258,-10.50251,15,68,74,45,
467,467,3,6,28.58195,-14.941038,43,59,64,59,
468,468,3,7,30.434787,-16.767163,79,52,65,60,
469,469,3,6,30.815811,-5.279808,94,75,96,59,
470,470,3,6,27.236947,-15.827873,87,95,90,57,
471,471,2,4,33.744354,-2.753494,79,96,85,47,
472,472,1,2,32.362477,-11.892038,60,93,81,50,
473,473,2,4,33.919032,-13.349265,66,77,87,45,
474,474,2,5,27.338202,-7.727117,67,86,79,40,
475,475,2,4,34.154426,-13.901612,78,84,110,46,
476,476,1,2,32.954225,-5.625127,43,84,86,43,
477,477,3,5,27.019029,-3.855159,62,67,105,56,
478,478,2,4,28.133776,-2.851886,55,95,113,60,
479,479,2,5,27.299881,-6.815766,82,88,78,40,
480,480,1,3,33.981099,-9.363625,46,63,84,54,
481,481,1,3,31.96088,-13.250924,49,63,78,43,
482,482,3,6,29.582066,-9.68937,99,72,91,56,
483,483,2,4,27.306978,-8.028726,33,90,121,60,
484,484,2,4,27.389089,-15.296825,68,79,120,50,
485,485,2,4,30.807118,-3.124404,67,77,120,49,
486,486,2,5,33.961445,-13.452232,70,85,112,51,
487,487,1,2,27.113629,-9.064217,14,83,115,46,
488,488,2,3,28.85611,-1.528025,64,57,85,43,
489,489,0,0,32.278925,-4.20163,14,50,97,44,
490,490,1,4,29.44734,-5.732748,67,51,109,53,
491,491,0,1,30.860164,-11.988441,1,52,119,45,
492,492,1,3,33.088857,-12.662982,8,70,109,54,
493,493,3,6,31.121399,-10.101352,74,86,62,50,
494,494,1,2,33.699244,-13.219231,57,65,110,50,
495,495,1,2,34.191078,-14.874468,6,97,90,42,
496,496,2,4,30.311721,-6.003983,3,86,84,56,
497,497,3,5,28.783822,-11.728126,63,83,60,47,
498,498,1,2,31.441734,-11.299234,25,71,81,49,
499,499,2,5,28.203988,-3.619145,59,58,78,59,
500,500,2,4,27.566492,-15.695586,61,96,91,53,
501,501,1,2,29.303719,-11.632498,25,72,119,42,
502,502,3,7,30.237442,-7.437231,92,79,63,55,
503,503,1,2,28.766898,-12.034252,6,94,96,40,
504,504,2,4,31.308448,-7.670556,53,72,70,46,
505,505,2,4,30.595553,-15.185541,67,56,80,42,
506,506,2,5,33.749416,-5.145414,99,59,104,55,
507,507,2,5,32.394877,-5.40902,6,73,79,57,
508,508,1,2,28.489047,-12.330336,14,70,85,46,
509,509,2,5,32.146703,-7.519617,67,98,85,55,
510,510,1,2,27.887927,-14.118493,32,50,116,57,
511,511,1,3,30.75058,-9.193949,51,54,63,45,
512,512,4,8,30.408072,-10.066778,98,80,65,57,
513,513,1,3,34.321361,-3.639028,57,59,78,49,
514,514,1,2,28.182961,-2.060417,7,76,116,49,
515,515,1,3,27.70525,-14.719029,6,64,76,47,
516,516,2,5,31.000724,-15.973558,82,85,96,53,
517,517,2,5,28.494955,-10.732853,69,85,107,51,
518,518,0,1,29.200263,-10.828084,45,52,91,45,
519,519,1,2,30.413752,-12.57732,17,66,98,43,
520,520,2,4,34.435437,-9.508449,72,79,107,47,
521,521,2,4,27.431935,-9.671852,36,66,92,58,
522,522,3,6,29.990264,-10.198137,33,87,61,58,
523,523,1,3,28.682346,-15.156583,98,52,100,50,
524,524,3,6,33.999241,-7.772561,84,88,60,49,
525,525,3,5,29.834138,-3.990364,64,98,60,46,
526,526,1,2,26.95216,-10.54203,9,71,111,42,
527,527,3,5,27.767515,-2.539989,61,96,60,46,
528,528,2,4,30.956466,-15.640465,13,93,66,40,
529,529,2,4,30.596314,-4.76906,84,62,117,47,
530,530,2,6,31.028684,-6.56712,99,51,67,55,
531,531,1,2,30.181763,-4.097673,30,69,101,41,
532,532,1,2,29.06551,-1.968004,11,77,97,42,
533,533,3,6,31.63708,-4.929183,96,70,62,41,
534,534,2,4,27.998866,-16.899347,14,76,60,40,
535,535,1,1,26.829035,-3.591405,49,100,82,45,
536,536,2,4,31.150969,-12.736744,52,77,74,47,
537,537,1,2,33.824176,-7.176046,8,64,121,44,
538,538,2,5,28.898807,-10.013568,90,82,96,55,
539,539,2,6,29.636122,-9.112772,91,82,78,53,
540,540,3,7,30.2474,-13.570546,82,56,62,51,
541,541,3,7,27.072658,-6.891586,79,78,70,52,
542,542,1,2,34.436664,-8.729769,35,91,101,46,
543,543,1,3,33.735647,-7.710744,47,96,102,53,
544,544,1,3,27.918187,-2.27,19,100,78,51,
545,545,1,1,32.008823,-1.671869,11,100,102,45,
546,546,1,2,31.447412,-15.403469,33,73,115,47,
547,547,4,8,30.744005,-2.744193,82,64,64,56,
548,548,1,3,28.630984,-16.189881,19,59,100,53,
549,549,1,3,33.712161,-14.639217,39,83,89,55,
550,550,1,3,29.945916,-6.82799,50,78,75,40,
551,551,2,5,32.665365,-6.633082,48,62,69,55,
552,552,2,5,27.273951,-11.718933,88,76,78,46,
553,553,0,1,33.507894,-14.363763,44,54,109,40,
554,554,2,4,30.772104,-15.041908,18,77,67,47,
555,555,0,1,32.034109,-6.750169,15,51,87,46,
556,556,3,6,33.680866,-9.073425,97,76,86,59,
557,557,1,2,33.640961,-14.55434,50,92,99,42,
558,558,2,4,32.161495,-10.72668,83,92,82,49,
559,559,3,6,27.547621,-6.377878,66,91,107,56,
560,560,2,5,34.018848,-2.167172,87,60,91,52,
561,561,2,4,33.89605,-15.019422,19,71,74,47,
562,562,3,6,34.388252,-4.720356,75,77,113,59,
563,563,2,5,30.341206,-5.710039,91,54,114,58,
564,564,2,4,27.563794,-17.197623,14,68,65,45,
565,565,2,5,32.635818,-12.369201,87,58,114,54,
566,566,3,6,27.837933,-3.448992,2,74,61,59,
567,567,3,5,33.680057,-6.036227,64,73,71,49,
568,568,1,3,28.095874,-3.051753,50,62,95,51,
569,569,1,2,34.210182,-17.230149,58,89,97,46,
570,570,3,6,30.346935,-14.599011,33,86,70,57,
571,571,4,8,32.256873,-4.979899,78,87,72,59,
572,572,3,5,31.583175,-3.792085,63,87,93,59,
573,573,3,6,29.17622,-7.644681,86,93,85,59,
574,574,1,3,30.115984,-12.08838,49,89,115,55,
575,575,1,2,31.907807,-7.252797,31,82,112,48,
576,576,2,4,33.055382,-11.952859,42,80,99,58,
577,577,2,5,28.365489,-9.539905,91,82,107,51,
578,578,2,4,26.818541,-16.324468,19,57,103,59,
579,579,2,4,31.48525,-3.654796,3,94,121,57,
580,580,3,6,33.647966,-6.307251,51,85,62,60,
581,581,2,5,29.244892,-10.37532,46,57,73,52,
582,582,1,3,33.594165,-13.60257,28,55,92,56,
583,583,1,3,33.9596,-12.459258,8,98,80,55,
584,584,2,5,33.219458,-1.667638,14,59,76,56,
585,585,1,3,34.4273,-13.791005,56,77,100,55,
586,586,1,3,31.128221,-8.016536,54,97,103,53,
587,587,1,3,26.921792,-2.106237,52,84,78,45,
588,588,3,7,34.322445,-13.136457,80,84,73,54,
589,589,2,4,33.275156,-16.000264,63,67,114,51,
590,590,1,2,28.28173,-5.649657,30,71,93,40,
591,591,2,4,27.540409,-12.537194,21,92,116,59,
592,592,2,4,34.172573,-2.732094,52,77,80,59,
593,593,3,7,31.324945,-2.88521,86,86,78,56,
594,594,2,4,28.530981,-14.113503,85,95,103,48,
595,595,3,6,28.6571,-14.690136,9,83,66,60,
596,596,2,4,27.430811,-2.068074,31,88,85,58,
597,597,0,1,29.260293,-13.958826,8,53,121,41,
598,598,1,2,30.995854,-10.517876,43,60,117,41,
599,599,2,4,30.751242,-15.573096,75,63,91,46,
600,600,3,6,31.842908,-8.844797,77,83,112,60,
601,601,1,4,30.849196,-5.297786,10,56,79,52,
602,602,3,6,29.984056,-10.505156,79,59,90,58,
603,603,1,4,32.556151,-10.099531,3,62,78,55,
604,604,1,2,28.423494,-13.824302,48,68,99,41,
605,605,3,6,29.067653,-7.862595,76,57,67,43,
606,606,0,2,33.172529,-15.097633,1,51,115,51,
607,607,1,3,32.517779,-5.837769,40,68,120,52,
608,608,2,4,28.42168,-13.743466,68,79,99,40,
609,609,3,6,28.23123,-4.055424,82,97,74,49,
610,610,2,4,27.027241,-13.494662,29,50,64,59,
611,611,2,4,28.322454,-8.171857,79,62,86,40,
612,612,2,4,30.550728,-10.49631,38,98,109,58,
613,613,1,2,33.660856,-16.623353,26,64,99,41,
614,614,2,4,29.779003,-9.187863,39,66,103,58,
615,615,2,4,28.469347,-1.556233,73,71,116,47,
616,616,1,2,27.260325,-17.126322,12,63,92,48,
617,617,3,6,30.505426,-7.686288,43,77,73,60,
618,618,1,2,26.944674,-14.503823,0,69,116,48,
619,619,0,1,28.154577,-5.476851,26,50,101,54,
620,620,1,2,30.482724,-1.875932,39,74,98,45,
621,621,2,4,33.451671,-15.35757,98,84,111,41,
622,622,1,3,30.860339,-10.760836,21,65,79,49,
623,623,2,4,26.85589,-5.355464,37,65,89,56,
624,624,2,4,29.500522,-2.389685,35,89,68,50,
625,625,1,2,31.291924,-17.145157,32,86,89,45,
626,626,2,5,33.883426,-8.273611,68,72,115,52,
627,627,1,4,34.039883,-3.513654,3,77,78,52,
628,628,1,3,28.323301,-12.726152,30,59,106,52,
629,629,1,2,32.751334,-14.340469,18,75,107,45,
630,630,2,5,31.294547,-11.58386,17,77,78,58,
631,631,3,6,28.915817,-2.291626,68,83,62,43,
632,632,1,3,33.85801,-12.479015,31,87,111,52,
633,633,2,4,31.504741,-16.562345,96,97,96,43,
634,634,1,2,33.997941,-6.542462,18,97,90,40,
635,635,3,6,33.879518,-11.53734,84,84,105,59,
636,636,0,1,31.3814,-8.862995,8,52,105,48,
637,637,2,4,27.060352,-17.226389,99,94,84,43,
638,638,2,4,31.424339,-13.21273,24,90,98,56,
639,639,2,5,27.782425,-13.701499,29,62,62,52,
640,640,2,5,28.218452,-16.41041,90,64,79,42,
641,641,4,8,32.644871,-15.192089,71,78,61,57,
642,642,1,2,30.508557,-4.868101,37,64,88,40,
643,643,3,5,31.720979,-5.500111,61,57,92,56,
644,644,2,2,30.387358,-9.473088,64,100,114,50,
645,645,3,6,29.014115,-5.968215,41,59,64,60,
646,646,2,6,32.369093,-3.423635,74,87,75,53,
647,647,1,2,28.404551,-6.545516,30,86,83,47,
648,648,3,6,33.147179,-16.339159,88,72,107,57,
649,649,1,4,28.727008,-16.845732,97,55,114,54,
650,650,1,2,29.170394,-2.058907,51,80,99,48,
651,651,1,2,28.235009,-14.35992,22,78,121,49,
652,652,1,3,27.67393,-1.606729,11,79,75,41,
653,653,1,2,30.607535,-5.541145,40,89,86,47,
654,654,3,6,31.112008,-14.453435,68,58,100,56,
655,655,2,4,30.432261,-12.549381,48,64,84,58,
656,656,2,5,27.622204,-8.2439,39,61,73,52,
657,657,0,2,28.462165,-6.501964,38,51,77,44,
658,658,1,2,32.545435,-9.216378,58,88,87,42,
659,659,1,2,34.128385,-8.950657,30,58,98,42,
660,660,3,6,31.076266,-17.162034,97,68,70,42,
661,661,1,5,28.620892,-1.730866,66,54,79,55,
662,662,1,2,29.879605,-3.411021,53,74,90,45,
663,663,1,2,32.14553,-4.431839,57,80,94,46,
664,664,3,6,33.571438,-13.122921,15,72,61,59,
665,665,1,3,27.921255,-4.995514,90,51,106,40,
666,666,3,6,30.916068,-3.282762,76,62,71,43,
667,667,3,6,30.052973,-17.069749,38,69,66,59,
668,668,1,3,32.596226,-7.016586,49,94,96,52,
669,669,0,0,31.600006,-14.852784,33,50,116,49,
670,670,2,5,27.811373,-14.765413,93,55,61,42,
671,671,3,6,28.006335,-3.779209,21,93,65,57,
672,672,4,8,27.034497,-3.078951,75,69,71,60,
673,673,1,2,30.616098,-11.804236,3,57,116,43,
674,674,2,4,28.906863,-9.587061,22,58,70,46,
675,675,2,4,27.106068,-8.81652,93,87,86,49,
676,676,2,4,28.111249,-13.395633,64,65,100,54,
677,677,1,3,30.580041,-14.175932,29,57,105,54,
678,678,2,4,28.355572,-16.744976,16,80,100,57,
679,679,1,2,29.208285,-14.997537,31,100,81,52,
680,680,2,4,30.330996,-16.073357,79,63,81,45,
681,681,3,5,27.323392,-15.0156,62,98,104,56,
682,682,2,5,29.391436,-8.44219,59,57,63,55,
683,683,2,5,31.15885,-10.743665,96,77,86,53,
684,684,2,4,29.828653,-7.389517,54,67,72,44,
685,685,3,6,31.785077,-8.509634,51,71,74,57,
686,686,1,3,30.525542,-5.785605,14,56,82,51,
687,687,2,4,34.086119,-15.832984,92,83,101,43,
688,688,3,5,28.574664,-4.037956,61,68,64,40,
689,689,4,8,31.438022,-3.790157,81,72,64,58,
690,690,1,2,28.891691,-14.570758,38,56,87,46,
691,691,1,2,27.147616,-5.575263,51,69,119,40,
692,692,2,4,30.01341,-15.656624,58,93,112,56,
693,693,2,4,32.224847,-10.250488,94,50,89,60,
694,694,1,3,29.254027,-14.852394,47,66,85,52,
695,695,2,3,27.014569,-11.936861,65,80,116,45,
696,696,2,4,31.927625,-12.122355,84,86,96,43,
697,697,2,5,32.17262,-4.161697,76,54,61,49,
698,698,3,6,32.194197,-3.039889,91,98,120,60,
699,699,1,3,31.346661,-15.080832,54,96,116,52,
700,700,1,2,28.233144,-10.663369,4,81,105,43,
701,701,2,4,28.908105,-2.519541,92,96,95,45,
702,702,2,4,34.077774,-3.612645,32,83,73,40,
703,703,2,4,33.96125,-14.686127,83,99,92,43,
704,704,2,5,34.3776,-2.240871,81,96,99,52,
705,705,2,4,31.572684,-5.558609,91,78,110,47,
706,706,2,4,33.334025,-11.318355,67,82,114,43,
707,707,1,3,27.823026,-11.377534,17,95,111,55,
708,708,1,3,27.533536,-6.013353,13,68,117,52,
709,709,2,4,30.136614,-16.3104,81,86,91,45,
710,710,1,2,32.821456,-13.714911,14,57,91,47,
711,711,2,4,27.200119,-8.207504,58,83,70,49,
712,712,2,5,27.026373,-15.953101,45,93,64,53,
713,713,1,3,30.689995,-7.471245,86,53,80,47,
714,714,0,1,31.596989,-5.400185,26,53,89,40,
715,715,2,5,31.855992,-9.99719,86,76,105,53,
716,716,3,6,33.626137,-2.535922,56,95,71,58,
717,717,1,3,26.962323,-16.43242,50,80,112,51,
718,718,3,6,30.287804,-16.901696,68,90,66,45,
719,719,3,5,28.630083,-2.086501,32,100,65,59,
720,720,2,4,30.234179,-10.71132,43,98,65,43,
721,721,3,6,31.511165,-14.233983,93,58,118,56,
722,722,1,3,29.705357,-6.386445,19,93,87,54,
723,723,1,3,30.7823,-14.565292,36,86,90,51,
724,724,0,1,31.375715,-6.548074,18,50,80,55,
725,725,2,4,30.399309,-17.350114,31,87,120,57,
726,726,1,2,29.171132,-12.682841,24,75,100,47,
727,727,2,4,27.398137,-8.421787,72,78,86,41,
728,728,2,4,30.265962,-13.59218,10,92,63,46,
729,729,1,2,33.841355,-12.724986,47,64,107,49,
730,730,1,2,34.367194,-14.432165,4,87,89,40,
731,731,2,4,29.757895,-16.416416,57,59,66,44,
732,732,1,3,31.020814,-9.263615,65,55,96,52,
733,733,1,3,29.63616,-12.248078,8,91,115,51,
734,734,2,4,32.470625,-13.127657,92,64,96,40,
735,735,4,8,28.749713,-7.949088,84,76,62,56,
736,736,1,2,29.530714,-11.829234,21,74,117,40,
737,737,2,6,34.275804,-7.221311,90,51,75,59,
738,738,2,5,27.185522,-14.423698,37,60,71,51,
739,739,2,4,30.359746,-14.872843,74,80,110,47,
740,740,1,3,27.511597,-7.129079,23,98,113,54,
741,741,2,4,31.914743,-5.873169,41,96,86,56,
742,742,1,3,30.354393,-6.517452,52,94,109,51,
743,743,3,7,28.380871,-5.627332,70,68,73,55,
744,744,2,3,29.285283,-5.360023,15,100,74,48,
745,745,2,4,34.258591,-13.938565,87,65,104,43,
746,746,1,3,28.421628,-13.555441,45,86,78,50,
747,747,1,3,33.605006,-13.937484,35,68,88,54,
748,748,0,1,28.472703,-12.390765,3,51,96,42,
749,749,2,4,27.36052,-2.756533,27,85,99,60,
750,750,1,3,29.601843,-5.874838,36,72,99,51,
751,751,1,2,34.14868,-9.377101,60,79,121,42,
752,752,2,5,28.708896,-3.897402,49,90,69,52,
753,753,2,5,31.470111,-3.572739,80,79,93,52,
754,754,1,2,28.261195,-9.573848,29,67,96,49,
755,755,1,2,32.378489,-4.144251,40,84,112,48,
756,756,1,3,29.364252,-11.635801,25,52,85,56,
757,757,1,2,28.587861,-14.691397,17,70,114,43,
758,758,1,2,27.702883,-6.62115,53,74,102,41,
759,759,1,3,33.510056,-12.773951,1,68,76,50,
760,760,1,2,29.437721,-6.548514,46,70,101,44,
761,761,2,4,32.196565,-8.366559,7,79,110,60,
762,762,3,6,31.191068,-8.130744,84,62,117,56,
763,763,1,2,28.862312,-5.764517,45,95,94,46,
764,764,2,5,32.198344,-12.877354,46,83,72,54,
765,765,2,5,31.127854,-4.667103,68,92,79,43,
766,766,2,5,31.523465,-6.495477,95,59,89,54,
767,767,1,2,28.221379,-2.343193,3,68,92,48,
768,768,2,5,31.578627,-7.02576,44,85,67,51,
769,769,1,3,29.059695,-5.648862,18,96,117,53,
770,770,2,4,31.773402,-6.137582,28,91,66,40,
771,771,1,3,34.127735,-6.656998,20,90,83,52,
772,772,1,1,34.240322,-16.808665,24,100,114,45,
773,773,2,4,34.163438,-1.643573,6,84,102,59,
774,774,1,2,27.903708,-4.586588,29,58,87,50,
775,775,1,3,31.707142,-16.808526,33,77,77,40,
776,776,3,7,29.197656,-10.381614,96,99,65,55,
777,777,1,3,30.739364,-5.404455,91,52,120,41,
778,778,3,6,29.365116,-7.391258,22,83,68,57,
779,779,3,6,34.31238,-4.04932,38,81,60,59,
780,780,2,4,28.369223,-4.98546,8,63,94,58,
781,781,1,3,33.99534,-7.989922,78,51,84,42,
782,782,1,2,30.5591,-7.696269,19,90,105,43,
783,783,3,6,28.72813,-14.002444,6,60,69,57,
784,784,1,2,30.768788,-2.741058,36,61,98,41,
785,785,2,4,30.449006,-9.7141,85,59,111,50,
786,786,1,4,30.213788,-6.705785,99,55,75,50,
787,787,2,5,33.652312,-2.266605,95,91,78,43,
788,788,3,6,30.66777,-10.582369,98,64,108,59,
789,789,1,3,28.492008,-7.410325,56,93,114,53,
790,790,3,6,30.72155,-7.850769,95,59,95,58,
791,791,2,5,31.105664,-14.099896,98,52,112,56,
792,792,3,7,29.849051,-15.371759,95,68,60,52,
793,793,3,6,30.786944,-16.154498,77,74,109,58,
794,794,1,2,28.505798,-12.961562,6,78,83,41,
795,795,1,2,32.040174,-3.790901,49,73,86,46,
796,796,3,6,29.967152,-2.785427,25,81,74,58,
797,797,3,6,32.160612,-11.145354,12,82,71,57,
798,798,1,3,27.569391,-2.501252,1,85,91,54,
799,799,2,4,32.289264,-10.772998,88,56,89,47,
800,800,2,4,29.727504,-10.463295,79,59,104,41,
801,801,2,4,28.700598,-16.531631,73,56,98,45,
802,802,1,3,28.327185,-17.108462,33,63,92,51,
803,803,2,4,27.050103,-15.639157,77,60,98,45,
804,804,2,5,28.938159,-2.149026,96,56,88,53,
805,805,2,5,27.980154,-4.701656,39,68,79,59,
806,806,1,2,31.351252,-11.443314,23,76,115,45,
807,807,1,2,27.554809,-14.633943,33,81,107,49,
808,808,1,2,33.354328,-8.5455,51,67,106,49,
809,809,1,3,32.234884,-16.124522,43,62,110,53,
810,810,1,3,27.709588,-8.560735,15,53,60,48,
811,811,2,4,29.208315,-10.13885,46,98,65,45,
812,812,3,5,31.925253,-14.196745,81,100,96,56,
813,813,3,7,28.763111,-8.55921,75,80,65,53,
814,814,1,4,27.876363,-1.96736,39,72,78,53,
815,815,0,2,30.875646,-8.34963,11,51,85,55,
816,816,2,3,32.34263,-7.875119,63,65,83,43,
817,817,2,5,32.299177,-14.022437,84,78,81,55,
818,818,2,4,29.316571,-4.043771,51,99,63,49,
819,819,1,2,31.49427,-17.276604,57,100,77,43,
820,820,1,3,34.2441,-5.606994,84,54,81,45,
821,821,3,6,28.844307,-12.560894,18,64,72,56,
822,822,1,2,29.811465,-2.336138,21,83,97,41,
823,823,1,3,29.663877,-13.746322,25,53,67,47,
824,824,1,2,31.304961,-4.906432,46,93,84,45,
825,825,1,3,29.840417,-7.092307,28,92,105,55,
826,826,1,3,27.515846,-10.688211,31,79,76,42,
827,827,1,2,29.918124,-15.369866,31,68,87,46,
828,828,1,3,33.324136,-16.899724,2,50,63,52,
829,829,2,4,29.877862,-4.937114,91,82,81,45,
830,830,2,4,31.196894,-5.562007,72,71,117,46,
831,831,3,6,32.424218,-10.262211,94,77,73,44,
832,832,2,5,31.710203,-16.245384,95,97,100,55,
833,833,1,2,28.596861,-11.091654,53,87,101,50,
834,834,2,5,27.038682,-5.301021,0,56,63,51,
835,835,2,4,30.733694,-16.041111,39,67,114,60,
836,836,1,2,28.39546,-6.39274,2,63,107,47,
837,837,1,2,27.011483,-13.704852,23,84,91,48,
838,838,0,1,32.366759,-14.42206,46,52,116,46,
839,839,4,8,29.390935,-2.502203,78,96,67,57,
840,840,3,6,27.098896,-2.212503,67,75,97,59,
841,841,1,3,30.538451,-7.865686,35,60,92,52,
842,842,1,2,30.183247,-2.336678,18,88,108,47,
843,843,3,6,29.289687,-5.918232,83,57,118,57,
844,844,2,3,32.437534,-9.475591,62,89,85,48,
845,845,3,7,33.48074,-16.046894,100,57,74,54,
846,846,1,2,32.292318,-13.973582,16,93,113,42,
847,847,2,4,29.629594,-8.609724,69,75,83,50,
848,848,2,4,32.075432,-9.431827,21,63,60,47,
849,849,1,4,33.67414,-17.087916,60,81,79,53,
850,850,1,2,27.278462,-10.98223,9,65,119,50,
851,851,2,4,27.46386,-9.754859,66,88,98,42,
852,852,2,5,33.511068,-3.373371,83,91,79,46,
853,853,0,1,27.082263,-8.910565,57,53,110,50,
854,854,3,6,29.506405,-10.926266,91,78,110,56,
855,855,2,4,34.041673,-2.479067,13,87,102,60,
856,856,3,6,33.239602,-2.070843,80,87,102,60,
857,857,3,6,34.205604,-1.646212,72,98,62,48,
858,858,3,6,32.333713,-8.92301,35,83,66,60,
859,859,2,5,28.485117,-13.293007,100,90,75,41,
860,860,2,4,30.219562,-5.559339,20,71,63,42,
861,861,1,2,29.085828,-4.568708,57,79,97,41,
862,862,2,4,31.562208,-8.856266,47,81,117,59,
863,863,1,3,29.820837,-5.444854,40,54,117,59,
864,864,1,2,26.86455,-3.673056,45,65,112,44,
865,865,2,4,34.353903,-17.380353,87,75,119,47,
866,866,1,2,32.274212,-3.538326,30,61,89,44,
867,867,2,4,30.414452,-9.434297,43,71,60,50,
868,868,1,2,32.234931,-16.762871,14,50,99,60,
869,869,2,4,32.741514,-1.799599,67,62,90,47,
870,870,3,5,28.901691,-7.553539,61,64,62,46,
871,871,1,4,29.562052,-6.589522,23,81,76,53,
872,872,1,2,32.441497,-15.733141,46,88,97,45,
873,873,2,5,31.260125,-7.556741,33,86,64,55,
874,874,1,3,33.301875,-15.440856,21,60,117,52,
875,875,2,5,30.735756,-10.666624,1,56,71,54,
876,876,2,3,30.870337,-10.164791,65,98,108,49,
877,877,2,4,34.322262,-5.277874,56,59,83,59,
878,878,2,4,30.971306,-4.946319,74,99,107,40,
879,879,2,4,33.759518,-15.903315,27,82,109,59,
880,880,3,6,31.650231,-10.820396,93,83,103,59,
881,881,2,4,32.268083,-9.995618,66,67,105,40,
882,882,1,3,34.054792,-17.330345,15,66,77,47,
883,883,3,6,33.281983,-7.129868,37,82,60,57,
884,884,2,4,33.998651,-2.517315,30,79,60,40,
885,885,2,5,27.832196,-8.87061,71,92,98,55,
886,886,2,5,29.257437,-6.951868,71,73,116,54,
887,887,0,0,31.125045,-3.50601,7,50,108,41,
888,888,0,1,27.464491,-1.953141,31,54,86,49,
889,889,1,2,26.950499,-13.918057,55,98,109,47,
890,890,0,1,27.578193,-4.286702,1,52,112,43,
891,891,2,4,30.805235,-11.753756,27,64,61,42,
892,892,1,2,26.895937,-6.014609,50,78,113,40,
893,893,1,2,31.347518,-12.43008,43,57,94,49,
894,894,1,3,28.625512,-2.552113,35,81,89,54,
895,895,2,4,30.254999,-6.753477,24,69,96,56,
896,896,3,7,30.882309,-7.83535,87,58,74,54,
897,897,1,4,33.544577,-17.341303,17,92,76,54,
898,898,3,6,32.085639,-5.433874,1,59,63,60,
899,899,1,2,28.509376,-11.146685,13,100,83,54,
900,900,2,4,31.495036,-11.815586,50,72,85,58,
901,901,2,4,28.158455,-17.040183,55,70,118,56,
902,902,2,5,31.509622,-4.641373,82,51,65,46,
903,903,1,2,27.917613,-7.8059,20,64,82,45,
904,904,1,2,28.762229,-9.213177,63,55,105,49,
905,905,1,3,33.152348,-4.362996,48,77,92,54,
906,906,1,2,30.673935,-8.606793,24,91,98,48,
907,907,1,3,28.638773,-7.04923,26,96,111,53,
908,908,2,5,29.447381,-5.871262,14,59,76,59,
909,909,2,4,29.356756,-12.305198,54,63,98,60,
910,910,3,6,33.945428,-15.600718,84,93,115,60,
911,911,2,5,26.960653,-12.258228,41,66,77,56,
912,912,0,1,32.413252,-16.622783,55,51,82,43,
913,913,1,2,26.864002,-14.771344,54,88,106,47,
914,914,1,3,27.873276,-14.689704,15,70,79,47,
915,915,0,1,28.520338,-3.597352,23,55,86,41,
916,916,2,4,26.948673,-5.715443,35,96,94,60,
917,917,1,2,30.176806,-3.903044,12,95,87,48,
918,918,1,2,28.773784,-12.824134,44,86,90,47,
919,919,1,1,29.151825,-13.209152,25,100,89,42,
920,920,2,4,32.217565,-12.743723,85,86,84,46,
921,921,2,4,27.051448,-10.26452,16,65,108,58,
922,922,2,4,31.010718,-13.926329,94,56,103,44,
923,923,1,2,34.090592,-16.262436,45,86,99,48,
924,924,2,4,29.64196,-11.971856,37,58,71,47,
925,925,1,2,27.392016,-16.191505,24,68,94,50,
926,926,1,2,34.223634,-2.916192,6,99,110,48,
927,927,1,4,27.356323,-4.621449,19,54,67,52,
928,928,2,4,28.80601,-15.074989,73,66,90,50,
929,929,2,3,32.524138,-16.315443,64,94,105,50,
930,930,2,4,27.677122,-17.050303,5,63,63,40,
931,931,2,5,31.606528,-17.432941,92,52,90,60,
932,932,2,5,30.223644,-14.884843,66,66,103,52,
933,933,2,4,28.20673,-10.973467,46,84,102,59,
934,934,2,5,29.282307,-12.397641,78,79,118,51,
935,935,1,2,27.392583,-12.660792,11,70,113,46,
936,936,2,4,34.297618,-14.358645,50,99,120,59,
937,937,2,3,30.343026,-8.815594,70,100,93,45,
938,938,3,6,28.175114,-6.414865,85,91,90,58,
939,939,1,3,30.244578,-12.056071,50,85,79,49,
940,940,0,1,30.599675,-16.467571,54,55,89,43,
941,941,2,3,34.037979,-13.484339,7,100,85,56,
942,942,2,5,31.697718,-5.481769,95,71,111,51,
943,943,2,4,33.503003,-9.644486,13,99,67,49,
944,944,1,3,27.095263,-9.288627,34,77,79,43,
945,945,3,5,33.434375,-8.9631,62,97,94,57,
946,946,2,4,29.41211,-2.117729,83,77,103,45,
947,947,3,7,32.844068,-2.969617,75,78,72,52,
948,948,1,2,32.965688,-6.718027,12,68,80,41,
949,949,4,8,29.728116,-4.300218,97,87,66,56,
950,950,1,3,33.09587,-14.733688,31,71,98,54,
951,951,2,4,31.479909,-14.867586,69,56,83,40,
952,952,1,2,32.260605,-4.627244,60,79,96,47,
953,953,2,5,28.238071,-4.553912,40,96,79,56,
954,954,1,2,34.434715,-2.281498,58,77,86,46,
955,955,1,3,32.29715,-5.361501,65,54,90,55,
956,956,1,3,29.338919,-9.175157,7,87,78,41,
957,957,2,4,30.247418,-16.053185,46,71,60,45,
958,958,2,5,31.181646,-11.126884,85,69,112,55,
959,959,1,3,28.589004,-12.072648,34,51,115,59,
960,960,2,4,29.507866,-12.195522,20,73,89,59,
961,961,1,2,32.783611,-14.99139,27,95,83,48,
962,962,0,1,29.474244,-12.197966,30,50,81,52,
963,963,1,2,28.808717,-7.503425,43,89,116,41,
964,964,2,4,30.903318,-3.373902,70,88,102,47,
965,965,2,5,29.611039,-14.620858,94,98,97,55,
966,966,2,4,32.606157,-9.934175,40,72,83,59,
967,967,1,2,26.942345,-8.431452,0,71,117,48,
968,968,2,4,30.152659,-9.65868,43,68,72,40,
969,969,1,2,28.531119,-12.895463,32,74,121,46,
970,970,1,3,27.950993,-4.885288,3,98,76,47,
971,971,3,6,32.318164,-9.60344,19,56,73,59,
972,972,0,1,32.559358,-2.912543,14,51,80,43,
973,973,1,2,29.388417,-17.420909,43,67,92,48,
974,974,1,2,33.310456,-9.793205,21,63,93,43,
975,975,3,6,27.931105,-3.686351,92,75,85,60,
976,976,4,8,28.040195,-10.229342,99,60,73,58,
977,977,2,4,31.582428,-12.091336,28,67,62,42,
978,978,3,6,34.271565,-11.074238,92,97,70,48,
979,979,3,6,28.572787,-15.389163,93,85,94,56,
980,980,2,4,29.887295,-14.918161,100,84,117,40,
981,981,0,1,29.117909,-2.52756,45,52,118,42,
982,982,1,4,28.445178,-7.131341,76,53,77,40,
983,983,2,4,33.300186,-1.714465,82,90,90,48,
984,984,2,4,33.970791,-2.503105,71,89,99,46,
985,985,3,6,28.879945,-9.649785,78,71,102,60,
986,986,2,4,32.568918,-15.223333,71,95,120,40,
987,987,2,5,32.435416,-17.32922,91,84,117,54,
988,988,3,6,31.939921,-8.640688,75,92,74,44,
989,989,2,4,27.345484,-1.968159,60,86,91,60,
990,990,0,1,32.162087,-3.322344,58,53,114,49,
991,991,1,3,32.014408,-4.39366,55,62,91,55,
992,992,2,4,30.006593,-5.031895,61,86,118,54,
993,993,2,5,32.436814,-10.199658,90,65,103,55,
994,994,2,4,34.264008,-13.834794,41,63,111,59,
995,995,1,4,30.659561,-14.715906,92,54,82,53,
996,996,2,6,29.816865,-9.69406,78,54,79,59,
997,997,2,5,31.131536,-14.216305,74,98,78,45,
998,998,3,7,34.275804,-2.999921,100,95,63,55,
999,999,2,4,33.67396,-10.209041,44,80,72,46,
